10, 00060e7df9844d69e0548fc6b6787c9f3c7f6048507516ff5c83c134884a04a1
7, 0008d0135a28f4dce813b0b6590734d4025032c4cb2c9dd4e8ccdfba8eaf4352
10, 001300a5323bf6c1812b686c1c896857d4cf85c676e48f451d8cb7b9a8f0afe0
10, 001b0c91f2ed80cc3048881a6124d81ff029d21602b9a07baf760f0f05ad6fad
10, 0027f27d324c4693cc70d3902f14a0dcde4676982d58cabdc62ff1c337ce48cf
6, 0028674d11b4995333b419ca593b6596ed482c28fba06b9349718a838a43618e
5, 004f277954f86a21374b27718807444cb6b4627e2ee3dbda1ca2a9572b8b5c08
10, 005754ced6f73a197a4a21c58da39d5e3ee84e484640765dbda2475f4ba2d3bd
10, 005cb8c786c6eaa28fc6f3194d475018af5b3241b375e400bf5c5ce9d7ebc4be
5, 005cbfb334fccebc40f66eaff7e9355b83bfaf2795c5d84c2c7c82173018f133
10, 00665b36d7b75b896d3f45bb99f0fcf93461023cacc7d83113cf5661725c1371
2, 006f0d7ffa9122a3c6e81588e0f01546b85ae4c7b869fda9b345f03e6f2421ef
2, 009997e531dc3f4f5c02ed2de7cfa06de6cf66d6945899646d0a1aa60f3187c0
7, 009df87cd1f5ac014d89d16c3fd9854eb1c53447932115bd650cea1bf3db5e30
2, 00b39e152ec2f569424596049b35917c7b767b16132f63a0330ccc3b89c7f188
2, 00b7c7143761c72cd5ffa430bf6ec6c4a8841a6a78e9acfde01e9dbb871339a2
6, 00ef241bf92c761a1a911b626d38108545f5cf250d900eb419fbd99fb2df3041
2, 01090324565d0c453fb6a5cc95f5b0b49353184cc475e301391032296f590cac
2, 010990b2459a598d1bab97167fe23d0777f282f32e4ff2f86cf08b0808f68ca9
9, 010fac2f4d6b39cf9a30630fbab657e79173724150cb4f034615970493b0a3c2
2, 0119247be3c7707b1421dc5de6457eae359ac7c493daaf0e68d3288e8a2296b8
0, 01235c546f0b7c5c5316cab5523b4dfcf074c7a6470eace46ba0d7768272e0ea
5, 014f232c3bb36a0e3ab1646ed5544cf834e6da4176bb3a3d76923b986623a294
7, 0150f8f46dcf66bff344d21d2815bad0ba6245a170beadf4e1060f2fed976691
7, 0170f2b35edc48102567028e92c388c23da26fca411cd0a8b9e319c8ff3d3dee
0, 017101b3c538cf9368dcb91b9f8b252322183dcbca90ee01ed338e331f029166
0, 0185fe9ba75f0a4698f45405ae81514120c1dd380f05f107d0179d62227b8b74
5, 018e6933882fcc41ee96e198e6f7ecefb53ec650b1044a58876b26ede011158b
1, 019b3548db69ef45243d248a4cdc18c33485d5cc98775ac7612c5fe1b1e8c74c
5, 019e65b354fa619e396dc62e224114c25fcec688dd091e244e5e67fcdb9396ae
5, 01c1096bf695dc00aa03698ba9024a4e5af96021ccf3dc3a05ca233693773ebd
0, 01ca58e136cf9d2d0928f4478ef2caefe04f0182a5bc6a1d564f452aa9912839
5, 01df9af414fdb6c0c9d67401c709eb82fa391866a745507c90c4cba072b658f4
1, 01e53b5e6c3ef02acaaefbaab3aeb47252e08ec0e2eaa11279d32dfdb3fc5f94
5, 01eb080d25c4ef3265e4d9aef9b9bf5d2b51de63e38e61034d7b1f29cacd7ab4
5, 01ebb9eede24d6bdfdf37e48c3662385633a3688f520ddc4a3a7914fb87942d4
0, 01ffef79a206dca88e4d6c7cd2353dc89e672da8943257e09a974a910c7eaaa0
0, 020dba475a3e345e9a78acab0e735edeb9f5145237293f66e4c702125ad12a42
3, 02317f8f323aa1cdd59cb6875736edf6367c941bcd25e51f3fce67f9c3158227
0, 0236264a8a7557bbf1d20b847514e7ff0535f32a81d99823cceb976a0a0d1fa1
3, 024a8fef5fa749ebb3f84f2106d57d82baa9e2fa21b19d3779e3604786648830
0, 024f00d0160bba9d0fda7660514aeb8231cd9f5e28210b214452b0aadebea279
0, 029f918a29b2b311711788e8a477c8de529c11d7dba3caf99cbbde5a983efdad
5, 02a09a19985382bdd8391b541eed3b36d5f83909e97ae8a2887e18c5019ebe61
5, 02a6472cc0c8d3bd777cb231fd1c65ce8dd9eb7202f221c256853789a6823cbd
1, 02b03e3d21a472b4bbae53e4b7550bfa7927b5c19b45cb05e3786232a8e607f3
5, 02b063677648aa5033a44aa748071390e3ac0c3f5ce802abe40a957879b8a0ae
0, 02c909f31c95641163d591f80c242d3021cd9b6e2464a5112329f390c0bc2927
6, 02ca0a8a38e9535568fb5be3c24126e71af336395c5bf78a48aab640b4fd65d7
2, 02cd6966767c578ed10d76b8c2ae84298bf8fd121cdc8973c72118fe08cde196
0, 02cd710d2e7fdc48d10238b04fd495d34fe738982cc07919777538a63ac4ad99
0, 02d063b1301742c2f89b64594ec70b8eb02e2e4bc77b5564e4212c2de8482fd9
3, 02d8f0d724360df31af8b176e3aaac7fbe5d37ea6712dd82c7427e1fb7d3e41e
7, 02f63241dfe7e18630a6e8a29e6e37d05d1774b3ce59f1a5b3f7d5dc10a8eec1
7, 030c5ba9390eba49c87cc35ebd111e157d49b451572d4dbdd2e8631173de49ff
2, 031bf3168f1d53f6007f65bcdfd90529dc457d851528642d5509f461b4e18ac8
0, 032c15000bdb59c5e1ff398914b4f3dbf4afee47fc74acca064c12a32391683c
6, 03370c7495780cc142141ff12a52d2dcde6fb221605adebd049f61c22080ac5d
7, 03423ffea5dced6ce7d9f23fb79d3a53b7464dd8fc2c5e90a2636da3162be7e9
7, 0351b8a39c6e6443c27f485787a8b089b1742b2a117dcc3dc243a4d00871074b
7, 036907ed38383e4d9e8196a66ea2793e3dac1f30926780316c011a67156d6de7
7, 0382a4f41f56bd48741f2285583c185078b35182c6f471d58323024320b5115f
0, 038461b34a6b52b659cb269213646c6197687679d305cebe2131b32ad477029e
5, 038c5d30ebd38c6952ebd4e1daeff0f7cf1e99d10925f2a3cbe0a7f206e161dd
0, 039135aaf6024bfea1b421f2275a73d3f3f48302c1bbaedc3511ed2a32311b89
5, 039a25aee431120a0f6e43568a94d780181c28e543b3b7bd4c42fd3d559fe920
6, 03aaa6d603c178223b981300171e61bc9cb09759072e3331f8cc35e87764283f
6, 03b1b77713367db7fc38c954fb25c1cb38a4a6e9d762818dbe963f7b933ec5a3
7, 03cc36bda4fdf60bb79a159e3ce03f09433060d8ee201a3b38e143f7c1bc8dd7
8, 03cd42a31666a26dd446464ee60802b63cc7f0ce21b541528a3c5dcfc3856af0
8, 03cd6e2187741b3839a9b6119717dc8ac23ed19d52aef96757a53f6dc2773c93
8, 03e33a6c31b8dabf33d15c990317fb9b064334e27f122d702c23e1a5ef7e247b
4, 03ef631f40fa9f7fc58f2e02d0eb62e273a89af24a5d16bb7ba912b5600b3d55
0, 03f7762a1520bde300982c47d818ee2d27f4a177ed26cc6b9df1f3c4b0981f68
3, 0402ece3b8a56bcf2955d932a4871d4492eb636c15235806adad64791a2f3c63
0, 0405b09d77a1f45a2193f122593054d963a94a99df110082414de18126f50336
0, 040ff940ce1fcd76db89c72de79ee2de491e0cc374af079140a0f3cf25310e9a
0, 041392b518dcadd99a8e07c8360ca5f11702b634b7dfff63462b20e96ea9b696
7, 0420403c84487c3f330362a6a2fa852173b0cbfd15dc59e4df587c33da54f94a
2, 04353a38c78c62a0520bae2cf27a334c68407ab921d4df5aaed670a841de7432
2, 04770379158c3aa5d4f906a5a56348b0524ab6f02425d5b23c226fe799c894ab
2, 04aa360beb2cc992081c02d3171fd75f8b52fdc3a30063d0dda7bf525e0764ec
7, 04b1f693cc43e35073ca6f04b1c2dbf2be606df0cc983ac33a6614eadfce54cc
4, 04b7051ed9af474810c0b5e123bee26a03c20d7a2379032766984e2beebfd0f1
4, 04c64b7cbe5c71a50e1c9068ee5a348aac9e68f919377af7854526b2d15c12c7
7, 04ef7787891e8df62aa2a250eb195ad421f7ad24934e6520566b7389ee868fe3
3, 04f237f6139fbe652dd9cb5d71adeb7c3c7a5eb5c348f39dd19dd877150042f9
0, 05044d2ec26bbbe8be2d7e38ee902afabe2f3eb99808df8eb7e8b547d5d929f6
0, 051890dfdefee24fb86eaa3b9c3222d1b3abcb885e60071338eb607fe77a07aa
0, 0520e3c0b0e6b5c366479a92ab0f4d5bd48a00cf799f92be817ab8c2ccd37b43
0, 052bba873dfd39d8fe3c124f4025a593ee011aea46eed7212985a9710276ed0a
0, 0530ebd97fa643b9179d2d2cadd98b8d5fb3ae6509001d93730251eeaf1dcf84
6, 05348b4cabee8e52a277c62a13505de02c35c41f96cd81f49136036cfbeb93a0
6, 053b61ad8521f23c3674cb84ae8f5fe5513494ec95fa373a66c108b142d9ac15
1, 053e80296324fc6292662954ddc4292233004632a9143954c1892d2a91541bdb
0, 055562bb6c05d313fe87e973756c776b307e53a78e7336fa919668310e060e2d
0, 0562e6f88928b2961062ca6addeff9cf8b192c9429ca1c90b5a74c12fa9e6e5b
0, 057315e3e8df1277fff4154f8d76e000a55d73ae3716dd1803faba9efc4ba393
0, 05737f2f2014f713bcd65c6794bc397376b7aec80c96977a2012a8f99e3add34
5, 05764eb47b5cb8ec8ddbc213a9cee7531c5df405a61cac28353c957d654b95d9
0, 0581fe38c3900c2a0986adfa3ab2ce68e448a2fd8dd940f865dd1cb21f35b215
0, 058b953d34178e9d677552a704eae5a8616a9ed557ed436b32adba696032adac
0, 059c2fa15a3e7385f3bd2fbc5a2a1498ef9aef7760ea2b8f9d08b753448f1719
0, 05a53e663d4d58856c760a4a2c218488d1a8efb977989601fd01f54551595667
0, 05a8a7e2c7648430e33b683b4dc7dcd090423dd7bd66ecbe514af3516f998548
5, 05a9661bcf1a815efc124b3a3f565bd66c1c51fa3c7b026d9d95f54131d4bbda
6, 05d2e2682634bc6a3f299e62b0111622d9568ecfb59ae2796ac307cc2bed8f5a
0, 05d8777135381a8b14d627d47012852df73ab9a6f2faf1906ee73162ddc26329
6, 05ebb62444ca164e156c12cb93064964e3feb783872d98c6ea61f0006e967346
0, 05ef9af0248adb3d7c28cda9b9b7dd739c96736f70f541d76fcd918e600126fa
6, 05f59304c555d695cb902d29a41349d09d34a5e5cbde08fe2f67a0ac40a01d69
1, 05f7bb617250e73fc70e47eb667206d56b3f9a7ee60a784d417febbec799dfff
6, 05f850805ca6a9ca7760c881b2a8e96eaaaadc7d649f17b49a8530e6f3823f2b
0, 05fa7b43e55c7a90d4b6e15199e14a16d38b8d4cf4a2c027aee4576af3e50255
0, 05faf79731fe4ed2156c5481a3166791ff84908fb144d9841719235ea6776178
0, 0611aa4a8534c1bb8c0e2a9ff04017e8f834ebfd9334c8272e1d2bb7f1b12e4b
0, 0620b1415a76874fba631e585056ca497a23a555698bf6e5c465e640ebf92023
5, 062a3eb4af4987aa9c90008ac6bae3866ceec9afac69dd6a322149a6a63b8eff
0, 06393def0dc2fbe0833217ccf7c8dd226a1a698807dbee765d97f924f43efd00
6, 0639c7c1b2b21558d4691a9f2b1d908f9f6e986d9183c808ea7458a05edea544
3, 064f32f43f756317ca1544d46001e3d37998a2c95d4ead6cf4c0c8f7370ef5c1
7, 06502a5e19d58acc11ed68b583f89c2115f812181ca6cd36b503f2e0da720265
2, 065919394f22fdd63745cefc5e851b3dd0b2ae731ecb1996a61788b156875726
5, 065c15500a1258e2d52ba78b156ed350ff2aebe4ec6ccd7fa08896f4f0998dfc
6, 067a3cdb525a2e76f9b5006cce97a4abf2cb568b13477c7b8f09e22afe23e74d
6, 0689bdcb40753469cbaaf1b96accb5913c171361eb12abf80da9f01fa8cd70bc
7, 069446588cdd7c140d87cac8344fa487a932119d3e5ff8d236ca89f980d6e952
2, 06b561c1eae596d6416fa19b12256e69a798d2ad434953c4028a8b55602acedd
1, 06b5ce16c2ac96ee40069703d9bf59fcb81fd2e695b90de0d911a94dad0fa8f6
0, 06cda8da3e63b727d754dc4573364e563fb78cef1be879169a77b8bc9a271cff
0, 06cdfadc880ef7bb0e32eed968e797cdd73f56b9f5369f47f35680d1bc52be5c
0, 06ce884b17d66be57fd4abba45ab72eb28c58e3909117e93b0165c6b7cb2814d
0, 06d9ee772962fc1df9ab9f503e0b6b980cd162963066b828978f51869396b6f0
4, 06dceb617db492b96d88bfb6115940df89b452fea4d0dfc494ddc797ad4c91db
0, 06df1d0ec8ece36f2f20143e36aa7d5c8d5c2f916867e8b83c297278eb21767d
0, 06ee14aa092ed882fea6aab865efec7ed26f37ece046a4d858ebd2266c53c479
0, 06f16cb109ae74b1d1fdd96463546f24419b5fc60b051ac6b0eff45807087890
5, 06fbec304f35d1ac237f171e4f9058e43d5d9bffa25a93f11d727a7627202dd2
10, 0705321d5c2510865a597eb79855261d7f053b7702e35b5db99ef8c3c0d36468
2, 070aa20477eabacb13a210b7ac0194992d1750a33d36ad131c04b4d24f0b6b24
8, 0712154cf2e5346644134b386a778e24a015ada7f9e45cd1ba1ed78f2c923062
4, 071d521ac3cfed4817d96fa7e0896bbd32f3c832c723a797d3b4cbedf8f06024
2, 072c3842a0f91eeb37a078fe00af49becb8b47bfd2bfc7fcd7b9f0ff0da6ddb1
2, 07322e9c25a9bd122592f26388f0e120931fcdf72258cce374e0e84df88342b9
8, 0736a4753b075725b807fe1dd17b6e54a438f63ed8ef5d233654b37bc9ce96b3
5, 07371edcf6af353298f12ec3a251639e1de8dcf0ce78031df2a87d66c9194cc4
8, 073d734506e7f130d58ef1673931bfefacdcb03be249144ce7ad84f292181d4f
8, 074dfba9c0cb8f157b16fed2ab795e1cb3218c7ab9bb4a7e83fc5c98755de5e3
4, 074fab2baf2893acb910b19bbb8c1b2ce203f866a5ad253269eed343da9ebba2
0, 0753d063bd859c74ea4b362cc7c3683e4204d2749c5816b8c7633d89c1c82003
0, 075473716f03506357136c8e1f127200ea7c53b51806d5ea8850edc7e26e7983
3, 075c2f11ebe2a07e033629085f2bccc95bed8871fe2f07e5870f78b7c8e0b518
4, 075e550cf94840b806e88772a2c05dc12b68b0b55ed4a2a0b5bd69539d67a40e
0, 0780d4fce6f15a637b0a4190fea5021d9f537f4d1c25aaf2cf644cad28a1db92
6, 078da1729c4c0529815c8d80c622801ff5ade0db12ec7a01c8c422f07694ee21
1, 079a2ebd33446d572f1d2f5315e03140dcc0d23dc65fa91e7ce5a3b9af2d80ae
5, 07c65538d3a83abbacb9dc140c41e9833b8ed9c510410edb64455a20de8008f1
6, 07e086bbf2d8d4d2cd1defe4de974d43f02397fe0f55599dab40c774b2785f91
1, 07e21694c5103c47f410400a8ecf8754d7058c1fe51ec286d43f0e5a32f2e8c5
1, 07e26f43d9ed63673ce685e70968d91a2a129ab88b7370618c7523da4f08038c
1, 07e8dc301931802a870d5c17cc99e288d60937145bab851f03cbee02a48f2917
1, 07f7a0766ba1d250b89a00a3a87b87d0aab61dd13e98d9b80870f134f8d42ce0
5, 0827d1ca960f3be3730f6a4a0698a9c18d643a4654a422deb9cbaa5a823b4565
0, 084ec5cc11d5bc9cb9ba9a88f7ab310b6ede5b91f79172a0405db6cd37d65261
0, 08561aabaf626dcd077583d177b37f8cc0ae599628e1b0982f435c0fd2643e6a
0, 08565fe3a18e051f9f557c219a51844dbac4a6dee9076eb8ecfed2a3137a3fe8
0, 085bb4a37d1e5ea94d182ca6e3d0436cc42a02c6f1c20f0105725f319bef20f5
0, 0867aac0220c5183de96336cde41041b30f71f3bcd27e148e6c98dc50aac1032
6, 086eadc5576d65897f53441ccc50e5e5bf23422179ae20514450340bfc87c5d0
2, 0874ab7b76dbcba94f905cba4ed1e71a57e18048b2cea6dc1caf73867e69ff6a
6, 087d20aa5b2a2eb3658c6e8bdd1d3941dcdcd6d426d404b9ecd49a76037df721
7, 088012fef42ff6d8bc04c324a98e4fe362ebf01f997cfc304372cbaeb514063c
0, 0889b3dc45f2cc84af260aad3c92156dd18e6f1b3213cf74168ab863d1ff3430
8, 08a0e2746c3716e0e819e14632dfef823aacef00d4db5574134fd3db68581608
8, 08b20f61e4cc88220652dc23fe5af908935ee386557bc99ab462a66c078c081a
0, 08b5a839d292b9372ab3be7bb70e02b548f187566dfe8a7c08ae1f5c41b21709
4, 08bace187a0225e10677de9aa6738a7118be3e5cad6dc45fb8d3366a61bb343c
2, 08cca543b5d0ddaa2d27c889a6e46790e741a7baad93e0401708afe1a112f377
5, 08dc1557db51f5e35767572f691727e016b7fce592fd6d7510e67255bfdc9a44
0, 08f826c940ef6365f7504c8fcdf7f2db0c7fd448feb7088c84456c63f19957d6
0, 08fa5a61f35f8edc93a6962c972dafd5acfde8eddb7da44ae4ceb2d17b790a1c
0, 08fdba237a917aaec81383076cb2d93756d429bedafa726aa66467772a672747
0, 090c41ec2619bed3af412f907848e904ae37d3a5259fa15d235aebce2aa3f614
6, 0931e18070c658e26df905f7e0f41823fc86a7ebf669f2c92d0a76c7ed3a54f2
2, 09329337d3e8af69548d53df623662a271f567300d86f6eb613ec1771b4fc04e
5, 0946db4e380fc47c1d729b05212eb04861098130e799c69df6d8e72941a0a820
6, 09725f3dc2227a183875c0eea8864d0f849a85a21e9f5117e61e91385f258461
6, 097dd4aa202331164e61be072318f9a26c97e809a7adb4db963cb76d709e887d
1, 0987144f4c8128c5e35601a43ec477a55135856f19d9b51d3c3765a3e66a1967
7, 098d4bb91eb292ff0f382e6789f708446167260566a312b6136a46ff0d7141e8
7, 09af7ff040994473cb1069b19fcf7e963b7909f9c6772b4519f713f3acc30887
0, 09c6587ba8ce09715fc81a8162f6410ccfff90db97b95d4bc93594f2bf144dc9
0, 09e03a17ac36266378d80bf539d3d79439a315898715b3d7d87c1d4e79b0b308
0, 09e597f34f220a999104dbf485c0facf2fe0970f51898196932e3dde91d68daa
0, 09ed9aa12ffa44d789a1561f0cb8c09ec1405dfc5053c7e22f5a29391175deca
5, 09ef56ab5f717202c1f335177cdffffb19dabee4fdd770b95ea71404d74058d1
0, 09f5b23e0fbdf8018e56c5cee13890fc74880be809409bbee24b200492f78fba
4, 09fb694506441a26107311034addd7c2c91b323bff6393a7179e6b0b33e3297a
1, 09fc9bcd18fafc83fc5a42cd32046c7b9cdaffe607b5f772cc16e21de3d6636e
0, 0a03518572dc52acf100ce877e32b26f14efca3582779770594232807c0d76b7
7, 0a0ee0aa381260d43987e98dd1a6f4bab11164e876f21db6ddb1db7c319c5cf8
7, 0a2861089ae97a6224781c1fe36158b08c167d618a105dec3dc87e609afa5578
7, 0a2adcac2b16b02d475e9d47b4772b77b0b4269132f07557c7ef6081727585da
7, 0a3579551f7610b602d3829e71f6349201be5efa54c42fd5cd4cbd7e5739677d
7, 0a6377585d21c95e78485ace2d4abc1868d6ba7229d4fa3f8a9f9ec1b7c58627
0, 0a6396ad3ffb1b7060a4ea8dc50f861f6bb61d9524af9f23198ce9656bd3eef6
0, 0a6ff428b0dd9362d5aa2b150cf604d271e5edf8694e7ed7e197eb413c0ed77d
6, 0a85624e56403c9dc85c69fecb13bf183c42fca466f11d7ab2c8de811ccec022
6, 0aa12426f5254e84562d4fa60ddbb570a9a1b14056fb0b932c19232fd94ff441
2, 0ab9ac854bd501c947df6110f63a53fc1601606393549bd1b055904ecae095a5
1, 0abad7ee6df3939af935362fd894a135b24dad271c04efef063242244856c603
5, 0acbb319d8a50504b7528eafab6cc41d626edc0f8bdf12693e6aac8d435da9f4
0, 0af922d5be82b96506e31bbc2c18f61b18a1fdbbba6df90b3c27cffec318188e
0, 0afe4a21c0e2e1a76e6246bc2546746365804bf1d62fa739d0d92f8324897b1e
6, 0b218a0b791328d92c0b4d2d0c3b7e2eb545e6ce18b3eeac00d1de579c209f74
0, 0b25be2174aca82f592c7f94b9d810f846bed8c9d77c9df1e8e6f618c3492fda
0, 0b29184a2f2b3fe432f0ea29ea9ebd9724dd0cf943ffd045bc0549d3b711cccc
4, 0b2d51a4d7131a7239909aad1e5f8b9290c527ebe07e7d93886cb1c67d50a5ab
0, 0b481fad94176dd2e2e7adf48f2c878902a7ef2dd1e3dd30b76a8861bcf36cd2
0, 0b5501a96d09eac200ad3954853162955be7233712f62eddb10d27bb07e654ad
0, 0b5f2844a242068e2b5ddcc8cb0e1eb989d2fa41d1f5e220c6d6b00111fa9def
0, 0b71126912a73f6bff8806117535e0a1ccd2df0090867544bef5d1a4d757089c
0, 0b758403a04d6e91ad8287912496c6b342ef6733478811645a9f6cbe81ebc24f
6, 0b7c40e33aab96b2aa8d83cd5945b2dc373f4c5d17cc557695b82891071b1f02
6, 0b7d6b04d26d819831cd7ac950ff8da92c1dd2f094cd6d5f24ed5a0cfa169d84
2, 0b88107a36b497f8542bd0161c1995b392e8b59e1357aa63dac3785ba5d17337
2, 0b8a3c2bb2ddcf6788436c6491495eee476843658945c47e9ca6b02866725f6c
2, 0b92ec44c9f6779983c602d194ecc1f7d4b279454271e5539914a205c319791e
0, 0bb53ccb243b11395ce6fc451063f95b902ce1a2848c245ebe24d5a25a941ea1
4, 0bbe0107f15bcfbde5f009f9b5a960c664a863a1b835539e1d41348f7d1d62d8
7, 0bda9c61db03ecab75c3fddd9c3a2fddc087bbe1fa59c32de94e11a6acf45bb6
3, 0be0f6743660df0034f7d053b6f8fc2638c639574a9fb428442be0211027e41d
3, 0be400c66a6171749a459a5ef7fe1e0ead5380a1a97e5062b85da81e200c23ca
0, 0bfae7aae9ea0c598a7a721cf8532286ed380e005a0cc9b99f0bac50bd2af92a
4, 0c0a307a3f9882742406f44ddcccfd62448ce10cd7ceca1e377060d9b670b48b
0, 0c156f84e6e0eefff4171a6d9ecdce86159340d9da65a5628d71271c16f62182
5, 0c1e7683ecb64ca91e6c74c5d335fcb0ec33dbaff2054df3f1f41c7f51d617ff
5, 0c241846bf51f13c8cd79c282f58d84f478278ccb9cc4078384364be40319afb
0, 0c27959a7c3ccc0842837df5f81c1b5fcf15c654d119d5d09568d35f4c5090ac
0, 0c2ac4f3a4715df9863d8564cae3d0d56fb2d7b708e28f2bfe7cf0180b5af9db
0, 0c4ac1f2d771aefcd9bce1d1a09ae0f6585b3fa249415c474e0bb5a2da1d0a22
0, 0c53bae03e0d9310b9af12ca2b9e43cda3f07dfd163ee179322c4f4703cf1066
0, 0c5d5775f39c0717908202e627b7ba65a5b411b4f4b7093a97bd5729e7116aab
0, 0c727835347ac1dd0d4f116e02279aaa562e4fead36537061e2d2a17403aa0e4
0, 0c7892cb672a93ca3d33f84f3ad88c1385f306c855af558aab64a4853bb478bd
0, 0c792f25c552f703e7adf4ef6f48e41e07cad845610ac64f535e05cb91c49e90
0, 0c85ba42ce797cfec45bd57dcba513d4a006fcfc7a1948b37c1c8c2c2875f96d
0, 0c9ab923ca67b2b9612eb6834a731a92d38e6cabc05090b49e7a113437a3fd41
0, 0c9af37ee834b7f679b7863fb14b4f9a87e9318aeef160c6e8f79ddcb6a4a510
0, 0ca7303095838fa1d0c171e0ef8ce2c19417c9addce7f1870f109716e8a7b46c
0, 0cabaf7105dcfcd59a18e85bddae9d3ce294c22dfd0f1d5e14dd66bc042d3b56
0, 0cae0dbdcfab35f50c92b6d2fe94fc1ee979451a4fad82725650528ad901aa57
0, 0cc6ea66ce456a0222739e73d2164e4f79a1d45bffb9dcced903e97c6af2ecd9
9, 0cf26cd59ad481d6cdaa3e913354f4d0d668af723983ca5b02db327ce495af20
1, 0cf55281f3f4fdaff7cf97c85adf277388463788c6193330190570875c716ad6
1, 0d11458e55f9de80400fb41e1a3972ea90b5d83afa36ceafb06b245711cbaf6e
7, 0d14aa816dea9f0177525766b4507ceec676e58afe475976a12829e94c3d55bc
7, 0d17f16379737a4f3669ffe4f730269bf03f5bb06ff6af2379f265334aabe7f8
3, 0d1e078e732f524531db6f7775c2fc358d34d4b9e057d887b293839e97993f27
3, 0d1e15b8e31eb6caa24527118f640459b8bc6b0b9dfd72b3e871daf8a7d31806
18, 0d2b2bed245c99a3b5f903127329711b0cec3f2409e5bf0063fac6e9ce5b7928
10, 0d300dd2df5c5cdb10bfefabf57c7d8ae2f7acd45f1b5a9c3aa736003deb81ea
10, 0d40b371ba3bebf9454648a4d91dadfde7c2a9df877b946985bb12b4b54d3603
10, 0d4905913e39a7afa9bc98cc0a781d47acff9488d7799819dd7ea93d76cbef1d
10, 0d500de61747c01e6e4910eef8f899e7178022e672fc01cec325a9d13950b17f
10, 0d6158ba54761c08c2125a6c3a15a7dcbf79cdf09c2be7b0ea9cec33b6707b81
10, 0d63226972e06e363e54edcb1374ed52c1f9c33bb5939b89779374606bb6c9c1
10, 0d63e7c65a04bc00e77019e077df86707cb39b8ba09ae90ba2384bc9414cbf22
10, 0d70e8a1caff4a97c772da5acb1713d9bf28dead293eb57c5f1db56b02b6a255
18, 0d7c0cac63cb098e12a1df229f5c67a537da91c513c88802451b1de31c821aec
15, 0d8080fce5ac9286c6fb056c28f583e58ea9beaa58ac337f403f3ce6d805dd7d
15, 0d8bc9d1cb2fd9122680bf8357ef5d86285345cd08a9f77905fec9d1ffb689aa
13, 0d9c48d3c20e1cb996fa1d593bdf5cc2d3943e946efb737d26810503a6e52651
8, 0da4df142ef889cf971d3dc88e1a9563a516248ae724cc8c41c382800250ccb0
8, 0da7ab1e67670db99025dbc6760eb6dbdb0fdca3500ae3f22f5d215626da42a1
8, 0dd3b7bff45ae15e085f32c48c96f099ca1b2d6617531a6e68482f7afad8a45d
8, 0dd853f6b98d28b6fa95b5bdd70626c3b447b67ff461e2c9a567d835873e3987
15, 0de425750651d7243be815db55bb33092a5c01692a13e2426aa0ec3dbb1a0673
8, 0e0a0105c4597a6403d2fbdac92d6304cb54164371ce30ccb4050259833182ad
8, 0e195c3b9ab6baeebae95f19b958bd89e39e7af590218a6daa0c774fead5151b
14, 0e23bc4bed185c1c2980f3d1c1c58a3dfab32e4591aba6bfcf95391db895c58c
9, 0e24958351c49a3c350f5941d23f987dbb60532bddf3f2f5635bdeb193c17921
5, 0e264c21af77e2e5c779692b27cb3e60280d889619729bbba4d699342e7bc867
9, 0e29ed026d641f3a4b02582867623fc5635357b1dbe63304846a61ceb5379b1c
5, 0e2df193223d537b4dfffeeee24b5e972973517e2c6c72b45233ec0dfeb6c382
10, 0e4d1d5d5d7fbe1a9adc4c821d11ac05ece1dd60310840c20f058651e58d5529
11, 0e75547d98a4f50470220fb489ed3c58052fca42d1409bc695e908d494c3bda7
7, 0e75d4a1db227b6ab10e4eed1cd502d98d0f3b94569bfde32eea49b59e643ae8
7, 0e78b0f2339a54190be3814a3ebdc2723422593f796c9f5effc3a3d1734400db
5, 0e890818f18c35ddde3622128007d22fa1cc778a0f605e4fc40c2c48ac10d7b5
8, 0eb5c13de8027f6629735ba4f54f9529820e590f7b0e6aab03aa957f46488ad9
10, 0ec04bd085efdf3c38121000f964e531de7b881e86ae02ea64b8723516731198
6, 0ec0ca9d7df3884f7e14db326910c5286c6e5910532e4c6bc2aa1dbbe83be680
10, 0ed49ca80d2a71a7be4905a8a1042f25b0bd4f87da9c63dd8bb4949e18b51cf6
11, 0eda84ae1c61b1f7e647e17031ec498aef7c019c7c565e2f36c3d5d6a2ddd63c
5, 0ede4de57fade9c2298e115dcba7d772b5de2187853674472450363a4445ea46
5, 0ee488bd1d476842ccf1b80f48c3ded27858e8e7b0a99b9e74e34702ecb8eeec
5, 0ef4cecf15523921f03c4e94a068dd3e91b7d4321ac9517a74359a455609b804
5, 0ef8c004a7d447ddff91f785eaf1aac0afd7f84776fb7e80b2fbf2657931e080
5, 0eff8ed5382d0401068bfe77386f1b6a586d46286a0b89bc166d431312bcf21e
9, 0f0cf5eb13ea8f697e0a0bea50943afa812d9d606f6cd53c1a2701282216d7b4
6, 0f0f6f5bacb4d23730c9fae6453d9fbccb28ac8d606182d158c8eacf74ffb2d9
5, 0f12336c48375a31cca28a1c4c53e7f602a53a7cc93d742901de266907138fc5
9, 0f306cb2a4543c816ef8f8d181c09a835ca7de37ce4619260f8a071ffbb760c3
5, 0f350ad1e55b882369612dc2a56b74a31b9fdc048e1191c683eafebe24af14fc
5, 0f36b9557d8c8a40404b140532548345df4899ab1f0bf91548d4eb80cdfdfeca
5, 0f400c207615ba781cfbb2cbe375694f22ddee8b1bbae6b9a50b93b6e66d666b
5, 0f44674e63b6a1b74d871da3d1172c75fb37d2185979e617f70e072689485eb5
5, 0f5afcc0bacd621262fc79e5ca99330085415aacd9dd8c9ef722efd12d872955
5, 0f5c003318e0acf3e5de459d05c49575c4e21c947f28fa04d011deac1be00667
10, 0f60cdfa2a24f2348442c64d0fcee67b45f7224d718cc4d44fc5459d37ffc765
5, 0f6aefe55a869b037849224b549d4df461075885a2d8465bf0985483f1a8cc4b
5, 0f8b51f323787f83386981e903b1b2e27e01368550e18620f5789db44c7457e5
13, 0f8f2165814e16aa487e1c73512b1456e56b3a4af5005635db31eaec27760361
10, 0f9b195982ac7968879152ee57ae18a2e0b1cbe58d9de1ced18a83cccf2b8cd4
5, 0f9e95588112f3f62b19abbd4916bac4b8c5b56c816033f5e6d8034ca674a677
10, 0fd61d8ff7875aaae64d574c8b6144d3f64860572f19073f3c1aacff86701e6c
7, 0fd729ac3cf9ead0dee9be1b9d8d5cf5005b86e196989f43607219bf522d9252
7, 0fe47382d47b77b7e050372bfe46f9ca313c6e5a793b45b409f1aa1375c4f196
5, 0fe63cc8ee3e33be92002bbc70acf68af85f7661dc2d089c607ab19a4ca207c8
5, 0ff6cdba44516cddf09411e767c599291cfe0ab9268be8e5f452845fad85226c
5, 0ffb70d4a5ad75d79ed9a8eb5defe0d134ec453c37e3c31624a688af8819180d
9, 0ffc8c8870637948dc0b93020bdf520e9665df72cb437dd8244d6a7400b45187
11, 0ffd9807cec917428db917db8a0594bf2b349816ef60c0a916fdf369c175fa33
5, 1010090d8e6674b0e09be293a3f32d62b3cb54f8d91ab89801344f9491560c93
5, 1014a673f8f19f6b08445179a37f8373375aff45394b2b3ffb0506ffcf231e23
5, 1014ce0c19a20a60f99ff831c3cb51b60e477eeec965a595b346f87875dbeba6
11, 1017ed83b09b609fc2c97a13b38f3d3b70f92885fea09d64be4775658af88be8
11, 101fd1f1ab87b8bfcecd9a4bc2104960f103d905a492f6ea03ee0ce44fb44920
5, 1036a9570cf323ed2cd37bb28ddc6255529543b4fd8cb00b1d956fbb206b3fbf
5, 10471b9c4c40c9955966ac87acda489a2d187cd980fd4892564f48c39356fc42
12, 10564f79b414ff096c3b28ece681f81de24de10dbf6fb437e8e75b8b0d211b6e
7, 106398ccd892e67fe18af29d3f639d4577a2db62eb1ff4b6eecdc0292871c115
7, 106e4dd24da1095f1b2e28ed48c17278ffad6130d3a78a021890272ddd8b55a2
12, 107c65eaa1d611d89aa875490ad89fb9bd57d3d7ce0deb8a74896fc3289b5d38
9, 107cc85c7d453c0b5aff6d59373e13be6e461a3dadd50af8ecec37dea4ab044c
7, 1095cd809297abe83e6f3d0aa17a8c2188e1b039e5958bb611f4fde35dd295af
13, 10af22f2e1a7a26a9b923b1e9cfca0fb512d8ab0a8e8c966c9897f2c1998fbf6
5, 10bb2b3cad4651d979011d1f26509cbb7bfc8b01501f46f69ef0c50f78435c36
10, 10bc28b0ef7591ec1f5b8e06b962d32e8a3abaac23c343ce1783015bb6a265cb
6, 10c7c6d184716194e95b4cb260785528b67114cfcf532c99b6a91a3c5edaf54b
6, 10d7b03f5ca9f52d23d563028a445225e0d44bc92082e3a8fb1eb38940b14051
5, 10e9e9d7da3a3612153154beac23957a8708ac5d30284ea54af49ddc8a786892
5, 10f0d7902bacb7ea12886b48bf35da29a99caab1cc7d18c52bf727070bed9254
9, 10f6bb878048a6cd1849c3bbe220166d3a8c9b133c9d4771cebeed10e69d92da
11, 10f93806feab0056a7eda7f3b3e94481e93ac78af6b9f35b7608eddebd2687c3
8, 10ffdd5af69d5df4334d21c9d637230c29994e496926af7fcafda4ead1219fda
11, 11029833f9c3c974c5359205af85e9c5ca99dc94501b5659e5a4cc65712de915
5, 1115dce80fee4b0f43a02ff37e0b80748f3217085746f1f77a9e8cbc8b7ea6ce
10, 11264cb0bd5d5e1f0f2e158bde2b2b8c3c5d2c6307c396d32e01a08593509ed6
5, 1141667436b5bb324d869417013ff1431a3440ad9743ba22d456ae7b2f4c3db1
5, 1158a81bacb9048650f27f93907c5caf8fc3ae84d8be06ccc92ae8a8e6345d3c
5, 116429a26c811182ce2707ab06548e3d5ccc8be5fba7006fbfa0e4b4d246232a
5, 11826c8726e65e84fcca6eca4e3f284ab9c7ff0091241981efde5cc9ccf5170c
5, 118d9edddce92c90afaf93f86d855c8c1ce63bae6e699ca384ebbb74c9a1bc79
5, 119f9cf4001dfe592e4c562a7fbc264a553f52bc4e89fd38ba580eb39b40170f
5, 11ba4a488c8cdcebaeffa31fe18b58c257af6dcc5b7c0ad849421e6340577c27
5, 11bdcf11725baa052c813e1667eec6d8c0299d34bc80a896d509a60d05ab1244
5, 11bec62ccace93d81c840ab2e526d56c785693259a3e42ebb7608ee086140992
4, 11c208a7df772e50ae4df5665241b2685b3993ac59aa3c2ac1442fd7e6528412
10, 11ce4a379702fe9c858dfd5993a4a8ef14a28b78b7e876709573dd77eb329379
10, 11ea8f59f4fe3cd39acf28e00a938fa1c3ab42fe8a087721b1863e86d2d3fa4b
7, 11f81ee9f1b702646401cfb43114329febdc86cea97d141a090c72aa915bf371
5, 12048f3512d0efc87c8f3f6ab0c6b6d17a7236c51da7f9fd11370e177a699616
5, 1207dc4456b2d27c4087db859dd96691f2d7db59fadc0c6c565d69dd3c9f83bd
5, 1233e8176c93e1505dd25def3bb61ad7b8850c8df8c8872ea26bd909070745fd
5, 123960c028e94bc14b8cf0041f97c0781744b511674c79a545dec2ee3ce500b8
10, 123f75c43534c1e66348285fe92473a6e93944d1c7ebd606ad68df543e59d1a5
4, 124f6c5cc6d16890017d4a5b9a6354d461bcf3fbf7d4c2a5a303363fb6bc593b
4, 125e0b943cd4f25e2cbe9410dcf890b417ea7293b80d39a3c85410891f1a37a1
8, 12859b9925d7a4631de61a820922f43f56ed23c2af014cbf36322685e5cf641e
4, 129b57dff5abdb5f68efd9e077e6a8bf6cfd9b62a4b53e8d44c0302a45be46ac
4, 12a1559755205d719db1fe03f2fa1d6eeed366854f150352459ad081cc011380
4, 12a5d444944b167a064f2f1fad36d94a2b85140c36ff634e06ed9d7a35a97039
4, 12b9faccb83caa146487d4d9d2b9b1c1032b5557c7dc67a3e80252f52c53336d
4, 12bd3c4e297181857f630ecb7fcb84c9f611a473f0167c45d290b061f373c209
4, 12bf06bb3d3ee1b138616f930316fb50a9335d446e0eab94c611d4ec4fab244a
9, 12dc0586c1c0b1f6e755c200ea3908505d67287a76749cad48a82ae422c94b59
4, 12ea2599b05efa6b7a04438ca3e41bc2db449c55ecb19a000f33f7cb66b69e12
8, 12edb66ef8fc100402bea221f354d3bd5542f6ddf715b6e7d873d6bae7e3d329
10, 12f29f25ff28002acc4b48c584564f8fef7641709e15b5305f4834af987a2d99
6, 12f393b222dec78565527a47ed4fa60ad57b3eea81e5180396462c4e242bc1af
10, 131cf1d472627e6899b851884769ffd88ebeb18023c4c6f72c61db7095bf158c
4, 132ebf6482d847f30bdda1ed7366d92ff743f617c109edc889bdc8fa03546e35
4, 1338b426cd796498f62282e1b6b2c8f417bcb34eac246d18b52d9eb1fcc1c521
4, 133d78b302c2e1a52e452801450f724bb1c6981f3c2074445d4d467d34cd072e
4, 13718eea1188013a968a0f5c8034e68c1ad897f3a5b7f1fb79e2a5e4d99c9c0b
18, 138519e2e0422dc8c5914d4f46a2440c4cc85be0548fa500d879d1248aa5fbf0
18, 13974604b061fbca630a0226ffcbb2aafcc95aedcfef1c90e039bb1bdd591861
18, 13a8b6b876cbfaf2b8a18a6587b34514c254ecdcc07cccef75e9c39bff4d0bc9
10, 13aaf6e3ed749291bcf4deb974471d8db5145b3b2852040b66a8d700647887e2
10, 13b55f43e83a490bb04c25ca7c6ff553633f0156e602a33cd3d3b6270e32bd3e
15, 13bb2e62e417ab4f4f15da70f4c9be1f21bccf3ffeca5a4bddbbebae3ab73f69
10, 13c4acf9913932ab1a91beaf34aeb72125ab38d60d204d07d73d44b3c474308c
10, 13d11343c08c2fe50e7735bc9eaf49819a0970640f719240366ffc0eb4df2e9a
10, 13d5d1aa0663f78db23701cc336956a3e5bc7f7b90981f0b46d4d219c126b498
10, 13e045dcc97853b3d8f3e13b2d867703e9476f447c254386fd5315c185223444
10, 13e7f43fa34489af1ca5109a851dacc7c98ba8fde7277825890c9f3a517a1623
15, 13e86ca37a272b4f5b4f5293312f3ebf45d4583170612b7c66fc2059f9f4fe87
5, 140ab8525d781558f01a7d918478d292c279b98685c9a69aa8a8cae3bd73ecbd
10, 14117ac0a712b7d7be469592de191d8051a41f44fd30fe5aab2e09b76ad5e11d
10, 14137fcc8697e967b251fd0fafbdf79af8db4c1a67f2eafe53756e3ad80a9bef
10, 141454bc615ca40897543b00bd46a76171dc835dab737b1fadd9005d927ab8e2
7, 1427662118374a168c41d2b11583fbcdf7f6477200dbf9ddc6fc97b42c85c437
10, 142e658c50c941cf0bbc86121a2c9c8b4ef9ce0472c8e2c7856f2711f9cea407
11, 1458f60efc40f528ca81c02055a8d4498a1728b3eafa7cb5f3a78b4dd02b1b8a
11, 14600523c0481367e792555dfd0c68fd627ef0ac24f575bf41d819d0fe6b4191
8, 1462d15b01b0274a3592241b3421c5a6952cb3a43ec5783bdc71b305b3656edd
11, 146c48916959c1b169bfede141af4ece75b44729db24764d5cccf5b17d422e98
5, 14722cecb88f3c237d6ac098b9ca3520a8d49aa0ddf9dfe6a90b66dc55982a5a
10, 147a73523a528e901783e1235532e063b486eb9e8026632f4f3df0a9c2eb6116
5, 148bd95ca437558225bed2cec1ddbbc559ba02cc4f35b796a08511b251e3c022
5, 1495b08ad99057ab8762b94b6d5b52310eeb8693c63e5e669118819d2572f913
5, 14c3177bb838c0e37d18461d1e7913ff317078e9fa7dd7caf551d0beb7c051af
5, 14cdb7b684503df87b2a349bf558c6c17418e68b367448a45a9702ed4d6267c7
5, 14e67c39fc99c315480f3e916c17fde6df5952bde763ef0c9f44cdc0bdabfec3
5, 14f918a85a0142e748de0b9de283047a4db597d8feff2982224ad1ebbc93d501
5, 14fe19ca21bda6a2c833aef5eb059eacb3edaf58e9c604bbf25846cc73b15fde
5, 150e488b17513f0b2e035520723d9a10a43f4eece3ad762e84b1b3d8a785c979
5, 153c98e07af4a6cc6cfd8ea5b58e87fb4d66aaeae22b1f2253d9516addaf7392
5, 156c97fbc5c23bbe6963c8023d1a84cf9ddddd6cfb27e28a649fa9b78f59c91f
5, 156cb130d8cbcec0b6c59910018cce4a344d9898d612009b499baf10474da088
5, 15760c8ce6bb0ac3c962009b2d271faeca33e4c63b0b3687808d8735a599db0d
10, 157ac15d94c598983ecfeaf9169a80277be53609734c9167ccce3b13b4f0b971
13, 157adcc1154e9d7536540ce095a3ab6c20b1faf0c9f00f3868ab609c814722a1
13, 158aa4577fec4d551c1afba664ffb26fc4b2ee924b2ba1a80a2fcc489b99f9d5
9, 158c1bb6bbb7cd383a06ac2fe597a2126b47f847ccbca8671f021cd458fc53d4
9, 15911138517c20fb6ad316df5af461fc989d4e22184a887ee7771e5ee64acf42
5, 1592afaf56fd21dffd56f4f6aa486189c459e43b1b2f3e653a7cbbcead023e6a
5, 1598c15cd783adc6c7672419e653c69e89435c4969e2d246820bd2531b1af438
11, 159c3cc756c6b66f399e414174da1fce81272656b9f1a793578711284e5bf96a
7, 159ee219659427072a8e8cd4199d7943f4f912c216db0df46a65990f59f4a3cd
5, 15a05751bb3e8999cd2046bfdf677eb2eb2ae6b2d2c928b0e541c7ad46060148
5, 15bc82e9f7dcbb0100e3a36ea8832430d28dae9e6ec6ebac76e2187959c75923
10, 15c671a54b381ab76637805b9b4e292d8582d1f598b23ac83a08ab1c635c1a81
5, 15c9b88592b8751c8d9b19a508d318a02824e5745ff2b1978c8f70ffe6a7990e
13, 15e63173ddfdb0b24495e15a3350230adc0a7aadbad4ae36a42a430e0df4d9ed
7, 15f8068be9077d202a2bd6f79bfdc22888bf415bfca59a94fbdf42b65f97cbd7
7, 15fd9886f0c01bb096d719eaddcfc0b2c68724ee4779b862b4eefe4fb5b0380a
13, 1609812c2fc810b45a9889892f483d2df5dbe22a3dbeb31887916ccf5ea0d0a4
8, 160ad17c66a515bcde88c56719a635dfd36b44bf471860fdaab85b215f6a64ec
12, 1615eea71afbf6e44f6d26a0b00ad8522cd6649d067693a548c79f3928c46b74
13, 161e5269896c45fd2b733d022e78dc2de87f1fb2c43c71c83b2f2672857bd69a
8, 163bb22834e5f697c2c774bde42e362deb0c4e97db1c737eeddbdc35fe9ae319
8, 1648ebe9f09eb9afbcec8b5d6b7418e7d0ae9e5efc1ba4662e388263e9ee10d9
13, 164b1829c3e302dd4c9889059f296e07b1c679a6d845df7ee83abbbaef60b682
13, 164df2e42cfad56d7260ab7aba6c5dd04b6b691d017823b0be7fbcd78f2424f9
13, 1656501064960073efe80c25bd37b5518c860087679babb6bd34ba05dbed595e
9, 165cacdc3f31ba695bb77a2779fb4a7d6a07b4fe57a2613b5c03f9c107c0ef40
13, 16609eb247d22dc37164842858bd93eaeb70c14a3ee01c6bec9645a1e00146e8
5, 1660a7c1abf24acfa131b448ec81b1c4f721e02ee22b718c1d869d2dfc4a0f95
5, 16648e62c148b44e14c7bfbb6a448344fd16eb5453b63a408473281b8094602a
5, 16684ba1df3553dddd3fca9dda14a1bddf90dd700c5a93f6ffb5b0ba593cd60b
5, 166f782bfdc3306963e526150d4b756c3af97022ae0cb98be8dc42737a65053d
9, 16844296077257a24c4b017928cb5e22201905ee6d6bae9dd111e5cb9926927c
5, 1693c3ede2f26a955da68636fc411ae527fd6037b27fee031ede8b92b7f2dd14
5, 16a17502b9bdeac326c125905eb1b05329cef4b81132ca29d6bb3e69726f524b
5, 16a5cb8acdcd5fade5d31d61b317e28808f881fb4408e394a1809632f49b6c3f
5, 16afb83111011d702a7cd5e9c8e64a13f1e1f19f1a2569d95e429fd6a2e3e206
10, 16b6d28a97d71c42fc6a3ee13ea71018cb627927bb1b8d2572c0cd2df133cfc2
5, 16be60d9d84939491cbc879f1d6f8ecf4ba4d0834076195c23d2b257e6538660
5, 16cfd879a1d465ef5ab2d1a17a5401ad41fc8850661a52df7fa35e44d0190fcd
5, 16d68fa44ff9a0e8eabca16936f77945dd9c013024fcd597f173900e7752eabc
5, 16dd23ed112ef8838e5fb3daa05abdb0efdc7338da0f36826a8ea67731d00f74
5, 16e1605f4e19af4882dc41f050f96b2d636615c6eb07d5aebf2236241c1a8201
5, 1709bd1c95999f73026c509c25a1787414a58ba771f3bf45e1b9ee62c63cc32d
10, 171842dd987af15c7e017eb9434e66fce80c6509398d81a8be998f4314e1dd7b
10, 172705bef76041566813a696126978bdba018c5212954c43b54706077d65987c
10, 172f3d2bac9edcd692a0dd8a1aa1e0a090efcf20f1cf91de22062776f570372b
5, 1731c6d131380ac26cad98d1b6250e713b4f9e953594a0106910bb4b8bb7209f
10, 174232fcbee55c73591da9b3d498426c97a6ce4f6f62773e0bbb67977b593948
18, 174be9d0257b2a880ec37b553884809c52b51255e870b5ca66dafd9fa95c1177
14, 174d1f818a26a274b7b3c4364c2f4d0e1ee78be26af6d763f030f5f50e9c3b3f
5, 1750540709fd9f7dfc8bbdfe44c6d3f0b27855d6d9ecf15df80c5374bab972b4
5, 17666fe3fad0b54d01a0b14d84c1008316e5db75cb94e585a35dc12109f4b9cf
5, 177530b1518da73b373af3272e13ac9f58bac9c2aeec23ed0a861dde4db4df52
5, 178587ec5c70ac901fda67ddb08a9eee246d0082669c3d2ef534d999e7e699d9
5, 1791ee656a083c2cdc7821d3902cb79dd2bfc45a9a2c81ce18f77f4a888a3d59
5, 17b36979211db06f2f7194a819ff250b1720c668233cecd895fb623bd66f033e
5, 17b7823701200806e4924d0ca1dfb5abba462e775e7412bd66820ea2df602c13
5, 17bf8fcff9d8872e5bf91a1e91b8a76e226f65631e8e31554fd02b6e46dbdc3a
8, 17e6ef3a5fb4603b0098ab642e50d290f79b5b7d6adcda5597d70a210c27f9eb
9, 17eabfb88a164aa95731f198bd69a7285cc7f64acd7c289062cd3979a4a2f5bf
11, 17ec3603a6a7f16a5f55aab437940e3455aef01bfa011211a4dd32a9cdbfef5c
7, 17f4665f868a493cd63f01d2bdfc2ca5832af5263e82277c34bb1406b3f0f251
6, 1807f38eba5f84f69703fc22ed74ee8f57af7b7335a05624b8156a238ac1f958
5, 181604f3ea4358c0a848b66514ab96e21d8d9b37de7cef9ea8a23222247c4b39
5, 181d80d216f664deb9b66fa0414e070f51fd5f7c767908856296a032d5eef78a
10, 181e9e8b46236613acfacd9461d29b1c7b165a2cb467479ed00c7dbaee7c799e
5, 181eaf68ef967fe42e79656b0e1429f159b2f09b1a44d34664a046d02364f1af
5, 1825aa6ad94b62968f22913423e24c52f5f2acab562f9244969587e110e23ca6
5, 18426d614a35922260ca9434f730b667929328c89db34748f27bde7bea2f8662
5, 18466be374cd94b0a9ccdf2e8a602d48f3ea056d61b2e1a10ee3eddceef24c1f
12, 1847bd8f97af578ed14fbecf30fc0899526fbf6860ceb2343b57ef0de2b82226
5, 184a61a98742fe2d6a31cbd362a519bcecf50b354e56a9988bf9efa4abc61cb5
5, 184ab97377d24096799d1c8df8e9583884ac71309f0c002b4134b6f1cb66c41d
5, 184c8dd4665cda22dd67807f9576331b4a2418e1422a698726036a6a9a2114fc
5, 184dcbd48790c2213eb2300a42ddf8d7fa30d119c97029fb7fb241bd4e484f60
5, 18635a6304298eb3d6b669ac6675cd4ee0b8e1ac47bacdfa1333fdb0c90cc468
9, 18640baba05bf26b4b824721ca1e6f136c047ea3ef7f76954674157c8f40ec5b
5, 188533049d1965b175a720d850151bf36aaff442fb855db3181382ad8c932b80
5, 18854cd4150ba18f2329b81043035269b0a1da38be74d2c5f35ac94529e3d403
11, 188c3d129882b7f0aabd5ca43bdd1ac1f02e883bbafc4fe238b6571499fda1d9
5, 18b462f28bfb26ababbeac13033dcfbdd311db5c5d95885c6776de00e49a33df
10, 18e9688dd2ac439891b24f7c2baeb7ddf606024ac5e8f373c903e8d3d87745c9
7, 1901bc71a02e117cbce951efbf3d55c9bbacf524d2c68bd04b8255ac781ba625
5, 190b4d72b32876ad81dba71c53e5709204d7a50cf17c7d119e437444f1ac4d20
5, 192741fa8b4c0ef558e2f69ee992cc80148afff9363c1ee34ce9bf0bd7e26ea9
11, 1928114b929a2506a1b511f4f0118b7b6f4efbe24379e1c15156d2c0160d5b66
5, 192b670b288bef5e707595dd7e1d6c04583defd1dec83656e6cf98d824f3fc1d
12, 192e21d54c7654341a4a16a722cf13caaaa037968f2c67a3bd88d71b6ca8b868
12, 192ed298f68b459565c41e65c80704c159a56d1326189ee6b0f1802a1ccb4cf4
5, 192ff38f3b7fbf84fe6b1656002ec27360298c0a8f50be8359b6426effa261e3
11, 19404441c42a6b9c09fd4e9ffb9d169aeb1b0e71e9e569baea9e8e44da3e1b8c
11, 1951fc9af12f5f916789f80cb885f05fabffadbaaeb22581be7c191e2d908010
7, 1957b231d01b6f3b663a0f76870b3befab10446babcdd8f3b6dc6f499a176c17
5, 196c58e2905bd6716a740853cb98378cd79fc44952998efe90847d9f58ef6db1
5, 196d22769bd2acab91f1dfee8c36bd686e40069e6279ba39075ccf16d9d23e93
5, 1973c98f767b7e990ff99bde5677f0031421f1adc55120cbcecdc0b07af7071f
5, 19a3302d406bc4c1a63d4ec1ecbddf54c2f7aa2dc7222a2002e9bbc884707588
10, 19a50315be4d9f2f39718ce5e2713e2881cd9e829d2df30a39eb46780ad94eaa
6, 19b478a277331b58b41d3c29fcc952206c9135cff57680e83f745fd72d872b4e
14, 19d193e4dbe30fff20eb1f5c674c24e387e02af75c006bd8e6d063177acc76b2
10, 19d1d9ce3c76c6378424fa24c346d5754cfaf4aa7075878ea632f5c41bf1c202
10, 19d99ca43a2b8530a8b29487066c7f70340f837fe733ce2e923d9ec36e2cf724
14, 19f8797dc1c69909d8d0fb563d13e955dc98a1d22fdf8b2c551731323d672505
5, 1a17cda0c009f4b44f5d4df6740aac958d77249cc0d4941256c1d7989007136b
5, 1a2079955b79395c3ec398913098a3b510d799198f65245217bf8af6bc485ddf
5, 1a3848195bd1fa17ce4b2a3c98218dd03333eda18c2467404b45ae42601ef033
5, 1a4935b3f44420503c9b5be9963ba077e2f67dd009911644bc6ed34396cac03b
5, 1a4e9969fefe8ec7b4a59d800b30d56a4adc9796fa77629da06c8b77e7d47b63
5, 1a6bbd587d62775e6eb70bdbb8da2025684e2d4b470460d6cbf594312dd8ff8d
15, 1a73353061d8b99e594cd638e105d496ec1e75768b63bc892b33bc4e571b3816
15, 1a7ee4bc646767004372eaea9bc0a2071790e739101f7d25ecd9c95d3f29afd6
10, 1a85184245990cdec7aa62cfdda8b268e66aa9d7b34ddfe492c989e630278245
5, 1aa2945059214754cb480d1e3f2550ec9a119cb8fa5a12b2a3e308ad1ba4bc26
5, 1aac65354fd14f4dc32aebd098caf5d26a5ff24d53349fda49c07af2d1d7784a
5, 1ace28b606093e2401120102cfd956a6c9e1e9b456063eb7c7057de88b4b917a
5, 1ad4316338284a2d5aa9dcb4316e219194e2c615069e1422e71c0e00e9fedbe1
5, 1ad6b85462342958ae6ffe970f2406f8808b437684dea6b4d797a751c3ec0c80
5, 1adfa24ec522ee6607a3e79c639b18955b493c15c17c67751fd62e272ea99f2c
5, 1ae6a1bb9f3a1be1a4ccb92291e350d48cddf2f70e71cbc498a194e7dbe3734c
5, 1afc415f9b35523fdc225eb36de8b920229325b795ecac70f107bca6ce3d67c7
5, 1b0b6efc95bea9e372e968bcf9b761d07e9aa40ba3cd20be92ecbf61855d2e7c
5, 1b0f2de819fc4bf7ec64f037d9b6f002d645d8c0834a3bab6e2bbd5a26163b0a
5, 1b2d39214184b306b20d53c7c1bdff6406a3122ef5f9fb226b2b1be017a59bb2
5, 1b3755ffa2fbd1366c495817fdf65f66719653da036cb8b15555d8e8a6ea5cc5
5, 1b5a41ac336f72fe5eff98fb82e545e4e648a9cca160c677640d8927915b701c
5, 1b79b58c608c6ff17ce486b57c294f1bd27aae95361f1ff42a624ae03597cf51
10, 1b96ec8a50b8ad5706f6b8a09031a6a544e52eca70e9642a8c227ebcd824e32d
6, 1babf416680ed1cf63a9ebb074f73e5475c88019c60577f16a96973034f1ea82
5, 1bb5ad5d1e2dd9b2f6b9f5b2cbeff4514d1384a22b34d0c4c3f3cc3a847dbf29
10, 1bbd223348269bfbdc9209ba877bc020937fa56c39a61b23969301f4e6963c0d
10, 1bd442d54db01bac646b4390730f80c17d381b46f109b463126187dbfd9aec2d
11, 1be17511db6deef08eaf339e5acbc40a3807bd1db7aba19352c85afeb791a6a0
7, 1be435fd9fbf221c1c54af1ad08d8e4b476c44a2a65f7e213d47358c2122e6b7
7, 1be6d88ace3b58d6af0bdf83d91277ad12a6c64624a6abbf9ba15c6ade66ccd2
11, 1bf00b0f2a6bbc95ce6b8675b7c5ddd97cef30506614c015b3e93cc426bf9a94
12, 1bf58118ff5a5cd863d2f749ff916b6973c7eceb48f6db6f9e4374c8df6c8542
5, 1bf987aad3a4fcae92190de1049118b9189b7f2f15c187fd834c69dca37e6802
8, 1bfc1f7b254c2356114b3ce3390c08e78aba6dbc3f968d1994bc95193ff146da
9, 1bfc52175addcb6834b638f1d026cbae6d90c3bbfab6e8a06d9273c182ca18e3
9, 1c00ed71d608295a4c9c16a09c961e99f93f8d98d8f78ec07917d69a9c1d22e6
5, 1c06a52acdfcf01bd3b3b07b0d7ac06588c382d9a2022e90baee3d13e6ec2774
5, 1c14b8ef122f9c53ca79c496880c36f986572a6065146b92367692edcb35b04b
5, 1c1a299f27d9f211fbeaaeb751824216248d42c4768c40b64e2783195cd93f44
10, 1c22a7e4257548f6921a4842733dcd513f437d2b4b61d56f514fe8b0964ad804
11, 1c32432fb009c919e0b8b0d0f1f0d88238be3cc4a7b94b8dc24c0360491e479f
5, 1c3d480a27bc45f9ac9efdb99975cfcbc83ca24d8f7f7a322cb898252c3d3aa8
10, 1c4a9eef75140fd869e75898f0925c501151016c9b910af2776c6fdd357666a6
10, 1c4b1acf31ec2dd48c746ad7cf2cc1404c76c7492bd15a6953f2ce6991496856
7, 1c4fd7e71cb7d99811c4f6ee0ecbb94130824d9358340c439c3b5c9efe217519
5, 1c55a14bc9b342a1d1348e83ef9ee8a87f37b462672c36d744b71f546803ef83
5, 1c57538c7111ad33c2a1756a0cefce70c9dbbe9d71d67174e886777d6df97463
5, 1c5b5d2d8eda88d78419c73a20f9a42f8e725004b46fdbce6d520050c0cb4f66
9, 1c5d396e08d38bb687e9e729fccaff6f6b624d1dd39bf00d314b4bf2fd49f7b0
5, 1c61ef4e1e985b273ca7292cf073477340dc2ce82451618ba48984e66f7c5808
5, 1c82124c732f55a1127d90de0cccdb74ba71277f9448ab5815a79f5e9f6d9a12
10, 1c9593a7bfaaca62e134812e574baef9ee5fffa7f25dd40c3fce2069f21df760
7, 1c9d24c00c0518755469ac5bf9c4297494ef2879bfc4487b87379db227e97b80
5, 1ca03ec8da223cc1bae0a61f9e5854515aaa1030557b1997ef0a61f181e2fc9e
5, 1cb4dbf0ba9e9811721151fbf63ea6e19c39bcef4c1447dd2389ccd859fe1d43
9, 1cbbc8ae8152a055e2d1ef5b9ed9b6a4d0fd8080ed1256845376af66f993ebca
5, 1cc8ea5bb7b5ee08b0c2199a2e0e42e8ce6ec1c011d71b355ef487c44babd08a
5, 1ce91cbbd64d50ada2d5f5778a2dedec26135f8db8e149469c135406c52a21a0
5, 1ced989ea16441041b0b49c052ab73d6effb8100dfc9bc5820374cc0e295e696
5, 1d0504ab0d5bb3603b42b1f8c7c905c8cea497a46817ab232455e6c03b7d3878
5, 1d0e1655e525169ccd38a274ea5d5d6687460a5c570de03e788e07a4c029fdba
5, 1d1fdc4d927447f23dbbeebf772e336b36ef80e8bc26fd6e64bad4223300f023
8, 1d2027137bcb244ab4f181c14fb5782c06663727ffcf7910f7a40e3211e29128
12, 1d20d5c34b58868584091a7eef3d911d5658d12189a3d1975552f7431c1fb8c0
12, 1d2c444a9e190f0715724202495ff531c04d5403f0888938d63c1b04d129e9e2
12, 1d3d9c78f2752f19bb1afd16e6e6d53e6630977ef7d77d2011ca8d511bdff48e
12, 1d463567e863e1539f89f03685163ce10c674d0684f0ab275dafb4ec064c8bcc
7, 1d5d4a781463fde93cfbd3b452827410689ae69d22a7e83a9abdc4d66dde3d0b
7, 1d6690c9c352d757fd110fff7b98b3b119ba0784a6dda9de339c9a44f953360f
15, 1d673f12ddf0e6cc1545a79471fd5dd56bf0ff9ccff49ff91b41b4085b727665
15, 1d743dd6a7f7427b2858c57a3162bab2349c28ee2f08a0df068bfcfb57fb8672
7, 1d7d4b762f4dbb8e5ffeff698e2af14fbc3ccc03623f33607e4630bb8c76398a
15, 1d8a141d7a2f301dc07ffe207c4462d22cf2485a354b30f52128af0fb6adc18a
11, 1d8bf5ea4685b1bc8b0010580794bff2967eb2ba3b769e8f394eda9bb0aa9efb
15, 1d976e63cda4f4f213308fcf672199e741f6b03509262cb6a684f8ccf72793fc
11, 1da684c1bbd335e96f6727165470f6850cf024432db1aca209dc64ff2fbeee55
15, 1daabb8e165b560076d479117b8a8825993edb65b1532f93b412365b46f6a52d
11, 1db25ddecad9292721d2c0fae2f1be71bae2fb6dbf861a043c1742ba17518224
6, 1dc4cd7e373652063b64d8a3737c97c22dcd51afdac75ab49338edc231c51597
6, 1dc6610571d525aa3df180eb4550273ef542250361cefcbbaae4715be4aee5e2
11, 1dcad376d1e6857d844ca216086a107c0164300c7a6c6b5bfb2eeda01007aada
11, 1ddca344b981bada31af9e3d0fae56435b7422f7eeca62603e96ac26b7743c71
11, 1dec4179bcfc81be4eca3a76ce11a0b42b9435a1585f28b30af86b78369da4c1
11, 1dffa89ac6b8cf24f4e712d20e56e435a692acbd7839a34fecb3cc130079a7ca
14, 1e13f87d1be61f8cc0f1084148e3c6857964f6d50307ce7be318f1a8ebcb3bd6
6, 1e16bc98960baf6c0bbc518a1f769e9ba721b4917157bfec89eb0214037344bb
6, 1e251c35daf1ac43389949b423a622ca17c3e06441cfddb8902d18129dc3bc4b
5, 1e2be376a37fd4ab952bca619653966a2fb2666a79b053396161b82bfb007335
5, 1e2d566237bc4a14d218ad98db08470ba897834bd59cbe4419a4cee096a5268d
9, 1e39cf9ffaa5c6cf1676eedc3303956d9cbbfc3aff7c4320579f61ed7896118b
5, 1e6d6e2c2e351339256b3c93fdcd1e0c88df89ff20aab3b9640bf28e0803e4f1
5, 1e839ffdb21f86081931b33a86fc0427108f58356824b5e4e1bdb8eea3d5e4d2
5, 1e91aadf8948f0fb9442750599e51b9b60635bf4b4f58774d0fafbf5563b062d
5, 1e948bbbd5cc1f2c8efe1d04175b6c1d4045c5b7f6d0ac97ab278425d6b390a5
5, 1e9d9f230b47d2d7043d5072b5ac6263ba0b741d200ac044472953ec57e74d5b
5, 1eaa7f988bffebcd8aca09e957e3bda3555dfa82c2a598722bea10091b8cb4ad
11, 1ec291566b2fd60dcab89cbb069a9d065eb44858571fd8db3f458f83d10a0df1
5, 1ec3cc22465e72815ddf81ec42ca5e3aeb5d34b82f7c1ecfa6970714fcafea6a
5, 1ec530476e3ce450de6a7bc9a7d15f3e7756df9edf5c22ef9e7436cc08b46226
5, 1edd9aa9a64303cc5ff0be5f35091b3f5c517672568d3d355a580ca23b1f8f29
5, 1ef8332c8865cd6b22871d36b8da776376b2312887fcc8453491bcc89c756ffd
10, 1f016e5d9dc0939cf60cbc7681890681be8dfd02533c5c9351f2907d74c68d7d
6, 1f0dbd1c82953b520d2d8e471fc672bf90fbbce0234c7f48d194df39eea2c290
12, 1f16572925e996ca3c3be1603b62a8f0e924efc30a4111a1011013aa24992896
8, 1f1bf6ef91b4a1c92ed094d9f8ea8deceff81186135c32ad92ba7c1637b5e661
5, 1f59ddc2dbb88e532b8bb5caf02bd8d76e083866b067aa32afbd0ae6063e0599
5, 1f8e51352a72ed857ef99d384ece4c029bcc21c154b2ab5230faa134feebbb46
5, 1f916e2fc3925062b6f8abc9cdd83ac8f97fbf22e473d8215189493d1a164a24
9, 1fb07bbec00d2a07c291f4ded3b0d5842a533889022fd1dca3d0e4e1974008bb
5, 1fc9dde7d9891c1952b8e74166f81d0d1bda3627a183bf2f02d73bb7b4ae723f
5, 1fdc6efb1f931e67ef012d3bb8ef4942161d0ee1ba1b9e07b03338d4657e8f2c
5, 1fe5fa74e616ebcae7588962c0fe67bf78f367419800393265983900b78194e2
12, 2000e727b4e000e2d01414b675ebd75215b301d27db2bb6dc5ca4659b165e6c2
12, 20016f1aabbcc334979caf7942ed89b1cad29078a3d1fb3e20b521b54c46d5ef
5, 200ceebde269344e6533d88f44b88ea92d24978fb85b059286a735e0f104e4fc
18, 201e24d61d151b1790bde14f937d869a8434153cc4585874f92782dd43a75495
14, 20298c1a6cc464961f2cb7d54dfea6a11b137f9a782132ef2f4e11da6db2b61d
18, 203ae8988e32eb4a1bb1ae9375debe62e5db07e63f99ef6bc8d3b4b0f95c64a0
5, 2057897bb2f00e671eb284a44d469f888ccb94da781ee82ed6a07d19764d1a7b
5, 2067a46c3d02c3aa64a176102639ec6082975922926c1e8e946da4ba05910cb6
5, 207bae9e05b2d76e0581ebef1b9bae0f404b477ff9e0b3e24a6d7ba681651aa4
5, 20833b587d5f23d9c6c3cb17e952f166fe7e5a0c95a2a8ec4b7d21e54af4e26e
11, 2099bcc91a622ebbfa8d2b5e4f3f4687ed66cb4f847ecdd22bd04074ae8baf47
5, 20a836d11503bb762c2cc75fe6e1de31389c5066466ac6513954bf3a69c191ee
5, 20cae80adcf3fdd5e0ab8d3c04a4ce3806599ab6aeff75504799dd4378157b42
5, 20d4b04f6bdf2b2f9efff5f2eca195d3980730f1b573994ca99d2af75bcf2f98
12, 20e2645b7cd5873b1fa3462b99a665ac8d6e14aae83ded9d875fea35ffdd7d7e
8, 20ee5597fcf8e937658f32ff0af5bd1fca6a3d31d1138add860f5568a7021482
5, 20f3875c0c4db57fda98ba6c7bfe89b13cca61b2294cec88ca5cb4ee93e18dbb
5, 21039292e03e9f8fdce83a64e26dce8a4693a4502fc8bf6b8cd0426a923c1ce3
10, 2109f188866c91254ca40bfeb5f2d621a32e14ce253c8a2f6bbd87f34de9d70b
10, 211de034351aa7f1db6523a5bfb2d8932583a673dfc1ea03fe70862fafd2a8dc
10, 212e338238334bc2a984126304c7faf460e2bb75da89617107cd5854c530d542
5, 2167d09adba015f763691a1d627f2d7dc942c9b33b04ccabb99da678db2f2684
9, 2178f2c356413aab2b9e335b70b2de86e5875ba9fca4918989798c9da614a604
6, 21ac4cd08ad9d518b93b0f8dccd782945134a9b7d17a30a1d1b60dd8227d541e
13, 21ad2737b2c573e8c9084226b14ac1d342a2d2e1f87ba9dfe163268e8f1326a0
13, 21b3ef84e2bed72077fea0d067e5a29e8b52f25b169694dd246bea3404f18275
13, 21b7d150da2b0c2613c2c0de60b296f3aff88ea9e70fd692c757b3a84db2cf07
9, 21c14835975ef9968b3bae41f2690309584ec60d260449f81f71a9ea3fe7c941
9, 21c7f55f73cee182f5f53f3f0838dc680bf2063d833c1409c36921c0ff2fe5af
16, 21d319c10040131af7957139c1ce281202ae04c01818dd6c5471b89a9e45abdf
8, 21d46917c8b58dae580ea2450475ac0d360756ed9376ae1d0f4ed381114e98a3
5, 21d80600578d456f67bd1b5c273a6ad130d1cf09a3de8dfc282c87af3e0d69d9
18, 21f6ba638735f00a33f8bef57735a44a3807b663bc1b14cd182315e6855427f0
10, 22055a1e57c8cafb04f90d5425d555745e9e7756745cb63ff6e626cd0793c7e0
14, 22056d40f0c3015cec47dd43e310a97652fdc20c398599f487679871f9bba577
10, 2207876f9331e8fdde7c54b7296bcf38181a66aba50dcfdbecbd7d58d7cd3603
10, 222159b9ff04a8658537e1f02c5f3f102cba6c388db97964fcccb7efa8bf9502
10, 2231493a04040ef8b320053c6b3c706a8a8e1788f5aebe00eeb080f0d939cb94
10, 223764f086fcf86b59633f807f2d87973af640930b238b80bc5552daa0e50f93
15, 223d02bca54a4067c8221ec2464ae9d296aa9172b81cd0270c31aa7dfa250408
15, 223fe85e28d2304cac7deee569bf92852aa4ea53817c4e6a45637327b52c5240
15, 2249a486bc8b00a4cdabbe29d0d3d1fcb3ca83a431f4e3aa6030d8f028c2215f
11, 224fae1fd224263ee298f7002349863202d1bc259bc0663837c2334c141068a2
11, 2280cb60ad559ec2cb9aa83791b88350dcb6a23e764af657c156bc8908a8cc50
14, 229043bb17e3434eb45f66ad855316831342d2cec3749e96c707c675d4f2f566
15, 22bf71e41a18049f4f0640acd7181619ccb9484aa4dc065ec9219baeb9bcdb1d
16, 22cd84b09d4f334296c4c0a21e5fe9ba6c6955bc0aa3e622ee23e42e0d8effc9
13, 22e97d0f20647d1295669f13a29ae8b95c3a8173235296b8f1a62196b0fc210f
11, 2303e1f36637132d354829315df0dd8157acfefdd86c512daa8c5035d864dd0b
11, 2315048e70e687233ab22f00ff4ac75c51727601a81d35c8e8225669bbf1710a
16, 232400b5017dab5855eac8a0103000e902adf07c69414556f89f68d460cb2400
11, 2346cd741b7d330df5a16a5365a3b3621bba0770ef22f60e76f701b1f95ebba1
16, 2349b2b1cc92bfd5e579df0fc7b633bf58751a10c5de78aec72dc491cdd56f2d
10, 234cad9433f4e2767b8c49319f3e85287f4ef7906e96c141207b5008ff90436c
5, 236a4a76c682d2deb2ce849c0fb4ec085eeba365a87ff7e63907afcef5cc25d7
5, 236b6909445ca83eb02af90226537ad2281dbcaab5d7670c183b68508fae564c
5, 23759ec2c6a1478755689fd3f100efdfb1f03cd836d94e47bf789090aeb90684
5, 2379033ea1736ca7b166f49d75b0eb159d708692d1e9db744ad364a104f33c0e
10, 238ef4761739cb970cb952d29d3e7b4d4129a598261751c0645c48fd8571eb1d
5, 2398168c6d50a832d2f43ef012ace011e99cd6bb33b5bce6935316e396d32738
5, 2399b88306ae1de54b056d3535ae47fa73d8a25544e0dc95584ec0b4a4959bf1
9, 23aceee6281212bc388c9ce7bf40af0de5708149f56d24ae441e1d9240a4b49b
5, 23b0bffd476e9bc210ea0a9898507f1f7d5aae92d798f74baeea1a3b9f78a717
12, 23b660b11abb16b9310bb96d041dc4e91bbc78ae301babd73bfa5214bd0595a7
5, 23c2f91a79644d5fedf59838b7e169221c55cabaf732bebb78575e8b3db0ab3b
5, 23c49621aefae61bbe13f7a76b1dd7dc3e941963d89fb54086b3664f511906a9
5, 23c7749239690e351402beacd0d3e7998bc16ce0953aded637e9c73671ace057
5, 23d29dc79dadaf18dea8697642c4dd36728ece8563fe4a37e5fa5a2a0ee8a17e
5, 23d95746f862b1852edb3a967bdd83b66446765717688396da0f7c4dc6a19dd7
12, 23e47f13df389daa68b922471d4cda8048002e3cade6ce7fdce17d36db856620
5, 242dd9edfc06de48939dff0f8efd83343c5fddd4bf7f3d9edd06b226e2c98a96
5, 242f21b11ffd6c5b013840ba173219832ba7ecf4e794f33e0a1cfa0e5e909d7d
10, 2440ac57006417ce9b69daec06cf0e6036c8a7a1c62bd28602654ea44ed1370f
5, 24580594ea6d4c44be561d7bbad2f9d76e9db98d6b9625952eb06c15e614e670
5, 246dbd1968bdbf8a151103d2155d23ce62c81d1c098dbae168929c15395a7af1
5, 2477035d3f5c7c33ca5690b71eb5ff167b9e9d978fdc9bb59b0291f411f6aa74
5, 2482f25560dac3db85eaf1bde8c50526b2c3e9898a61e48c0c53cb6e771c1d70
11, 24858c2a1488eb700b619c8259431d9735b5f440cc02f545010338275fc80877
11, 249ac03d56bf8e276f895718b47e5da9b1c8ce10d7a11eed726aa794efe282bf
6, 24a0f9de0b236b4a0ccc20090d86a8d32857d5567d8d66acf321afc106ceb941
11, 24a1a066bbd8c63de1803ad726e323b954d79d70a33f8c62c7533155ae562c2f
5, 24a362064938c5a4f9668622d35b5197db2fcc427ca84d6467e2d1267672e882
5, 24b0166c5cf703d651d2833a3f9ac72181daaebcd90b8a1893c67a005cac2ac3
5, 24c75f1e89a7dfd35382b3c1942f9f7cb80fca62f79ad7950bd33fbb5643d267
5, 24c857558a5f4a02c8e53024f6c2be3c1b90cc9d9ffa834c32ca00faf322a417
5, 24cbdc4fa52f3ddce7a859d4daf715849850b2efd71e288c07823bbae8d0daa6
10, 24e1de73989cbc73c4df9ddc34daf8ea2140a9ac952915344135dfc287afe4e1
7, 24e394d57ef37ca447bf202e79102e56850de3ebc8d13f4782a3946d8b511b90
12, 24fcc0fd7bb394875bfd0b30e0d2260411df7e4fe7afdf935b53fcd23048b090
5, 2517f2fe0499c3062f56399911d671bd4db5f25caef7b8e4bd0b4d928309bb6c
5, 2526c39aa3a5fb39005c111c22f8d472725d338303737f686fbf9f9a091b3bc3
10, 2539b685bab93c67cd6915da155099cbe285221541341090436297b1fe2f04c5
6, 25479c08f6ba6c15e1da851a747d8d165eae15b7ae9118f49e48b8cb6af3477d
11, 254a62095f3be132acfc2c87a852eab59b9d9c402ac7f1b1be0dc5b6a817ccba
8, 2554787448130a8ade385ffe62e283e347f19f6eb727f76588ea81dbabad4a05
7, 2557b5e9955e7deff42f5821b7b4dd54908fc0f6960c85fe90e63a85462ca929
11, 256ccdbb8e2dc5529ee68628e9bbedffa062fa6fc9852830ddde7b7d8a39a236
6, 256ceccb828490ac9c27161ce2102cbc8e6c4ae943cc49caaeb8b6d230e783aa
6, 257588756cab737444a6b15688b12d4bf646a632611ba8ae924a1830dca18e08
6, 257a3270bde72fbac0a33d90c2a75f46e0105c1e43d881afc7d54798ea1f32a5
5, 258c654696c6b47a49bf4d6d5ec6691c33bdc28e7a0131fe02d232dd8fc7d71a
5, 25ab801f5eaeb4910eacb3a25a84a58fde0625acbe48303354949f4a7426b91a
5, 25af0caad356781a0908d1c70b884c7f27c549011db0b6271f80102bee437f9a
11, 25d8f2da425ec1d8cdf69d08a12386c0f542b007c49b4d18a7b804892965962b
11, 25ee727352ffbe27f1c2bb0d9264ca937c7d3db3ab5dedb614147b013b7a7062
7, 25fbe5b27a581003a924ffae3f3893e3834599a8b556aaf1b8420bdcb4c7eeb7
7, 2625950f3ea6d5d31ad27463a2eeb535d89751ef34172bdfd4a21f9ab4d72271
13, 262ad4fe1434a74980b4eb9ad7a0140b2f0b62f2b7b8f62b8d0ec4b1c888e342
5, 26399311e3411de8256a265ce01ad28b40b67f77a93af97ca76f97ffcf597e16
5, 264ab02125bf03f6993b4dac6b216b169fe8d133b70ce1e88f20f57c68557534
5, 2655fa8be7b8f4659276c46ef9f3fede847135bf6e5c1de136c9de7af6cac1e2
5, 2656c02723e52f1d11393ecb34af1920d4a179b05a84094870a6d0338efc69da
11, 2669c209ad1a4370e200e01804a54cc4f1c1eb7d2147c0a37d021f4862becbf7
11, 266cc388540224ebf686dc69422231c1eca245da3be447f3f9e95a4243297a67
8, 267822074784994d015345a0ed14edb4a1d8bb12477520d3cb714fd0d95de189
6, 2680f1d376e81f77b177013da5ed70ecbbad528ca329827f65987fb14fa30e07
11, 268ea6d44f247c3ac723a895179ca9802dc80f0b98d9beaf920212fcb93004ee
8, 2691f426253547325d6dc9bc6ce2b2691be3debc0ea6cbce32f0a5788f654674
6, 26cf4444e5f48760066975734e42aff7d7ff6cda5562f43fe746a913ece4d32c
11, 26d2986b1fc9e2a490355cc75e9c11fc2c0b0e9f6fd67fc499ac89a5731562bc
8, 26f3cc3dc4319507c1f60d683fcc12e85d4c34a8c22dae00e9af353ac7cb7238
5, 26f66ec0bad182702f38ca17f110f7f4034c25c5a37d13da0c7482d4f16a2b2c
5, 26f6a4e7cbb6feec3892c697789586311d7fa4874777490f7d8700188e07cb83
9, 270f78e05a0ec08a89d8c4769990071a5704699da3d3224b46a56c4408d1cf7f
11, 2713c4933d3c36695759a8490a1a00351544be63954f38e480847d98b835dfbc
8, 2716636c3b09bdb0b9cfcb247307b06c0a8451b8f1cdaea25fbcd8c447a8458b
5, 27255700385abbe3ca5c29e80e6348d4b6e566af3ec5a0a29609d8b838634bcc
10, 2732cc713e6a6413cdd71879a26027be6321d4ae0b106fef88c7dfc20a93c0f3
6, 276430a4240a9a34b1e44820eaa0d2c0d2ba3ca81db969aece4a4d097904903a
5, 2766755a4bdc4081985bef40782a84f3726ea6a588a57d6915ed7d30b7c2a62f
5, 27677128aa9b65b5685b49d1eb43f29721ed84d586b2cb36229533e7494bf8b0
12, 276bc08186f93189280cf995a9bb6c2fff5bc8aee7c4268eb44414f83080b579
12, 277f527617baa8bde4984fce975ee8b64afd9491adf5c89d663b92ae8af1891a
12, 2787c2da23a7e37d37532e12d98dcae6ec0cd980449498a2fc592cca691538d6
7, 2789cff55d168e7704020dc75397f477255f414cf8e65dac9e69ac620c4bd004
7, 27960dcf786767ea8583f96efc85377a815849e96b796773ae60b4ddc3654f25
7, 2796fa483882a80326a9e27497d7a58d5c8fd516e537ad9ebab89e92badf9306
7, 27a22b22a295f1be51e0ae0555e3df23a6bb9f72df301217de916eb7aa0f7ef5
7, 27ad31497b5dfde44ed1a47f2f53730eaa5027ae93ca85573972bd9fe141d044
7, 27ad40928ef9cf1b561481b8a05e79f694500b539f2ff3631f7764987ae4c33d
12, 27b36ddfe430d4255252206f3669b4cf9ffd663757a723c2ce25cd0c47bff958
5, 27f1b1669a0fc85fa2b3f37057f410b25c7351cf4c9b656ae717cd885780b219
5, 27f9d95c6164aac98cb211e4e016de7684089bfed790626f425bb1e52901acbb
5, 27fd2cc0749ea4498897615c82306c175308716addd3ba7b3c6021a369d03f1e
5, 280570333b248d8f14036a59b279c07cf5306eb71f7eb17e4469f24c05ef2d50
5, 2805ad83f25ff3dbb4d7f756cb791919e06a83e93b2704fe446e550aed3ad76b
5, 282c3c3ebf733b8cf8b0947c0d4fb992186b935332d884790b7e0f149225f82e
11, 2836ab7881ba284d00c196495da4374396824ad543a8eab118bfecee0624b782
11, 28476584af65d36d4254d18f511e8d7c709ec314d270d75dc3ea9c50545319bf
12, 2848ddd11a5db48f801a846a4c7162027ca2ade2ef252143abde82ad9c9fdd97
9, 284c0a1cc06274860c3e6c9f8c11ad6b0c21376c8ff92bdfac4f33c1d3b04fb0
12, 285d21e6ba826f86faf1352163a687facb2e3f87fe1dd08db5b4e3025dc68f6a
12, 28649517b8e96e0583282b9dd5cdda395003c439aa1e1354ecf1141ce60d67dd
12, 2866dbb0f01b8793e88b84b0b308301ab85a9475ca609755227e25ac23fe9dba
7, 28689b3203e258e80954ac5e287804fdd55b7df4392a8d29bf01bb30c8029358
12, 286eb28bffb3b19962dd99de72b6699b8164b8fa38d0cdb19848e07a8aa3894f
8, 286f19af108bd4ef88f15d9f91726ac96c3378ff8cf3d13ec7dd5bd89b4f8891
5, 287d46505a08001d700a0109475a7c5a9f4b0154a31ee2d41ff7cb787218bf41
5, 2893280ffdfe364248333c47df0b31240db367ef53f330605b34b1c3c1b5941f
12, 28a5a71b3cdce645c542536e32849afd5fd67d1532141ea163fcbd129c9f3945
10, 28a80437bcac8d10c5c5887bedcc49788314375b6114cff8ed24faf0114ff795
12, 28d3802609272de8198ae746acf19f0d26751895f591f35d78340d2352ad2c4e
12, 28d4378849f259d3bbdb92cba4aadb33d36c55fef45073dccddef16485185bac
12, 28f3b0271b072a2c0a9c2d403058beff6c789a07b442346a88bf1b64c8aed3c1
12, 28f823ead5f6b4d8db596bc11954785ad4a3c1bd5ee89e12fdf794f40e968f7c
12, 28feb2fec791ef44cf24a61c4bf175b00dba030b53ab1b5b36aed898a2f5cf37
9, 290bec729f5dd21229736e12790e276f62554b1fae4989b9544e627878612463
5, 290e617a711fa78b40ba8cb1df3c9b5f3e0a95d75a2ed5e6d800ecf3fe221078
5, 290f093991a51e9cce89e71f89c7ba496cb57202b9400477b088d34208a5a032
5, 294a9775de52c225c98512e668e11d030ca555eca78bc5208a08a245ce34aa72
10, 294af2717d514aabd4578b5fa845f31cc446b62af05c884d88f63596813591c3
6, 294ce6b4277198ab8d53e211fef4327bee726773c4a19f56c00462f6e1821565
5, 2956c03b2ddab8abfb8175e9bdd9e4d8988ee4a97d760b8b2db6d5075d4df845
10, 297348f42a70e053f2c587572b820ff779bb65fe2fd41726b891f4f143910c4c
11, 298c9f8002aa0cbb80b9e18f6b6e17fc60c44fa20ede5d4e80945a2d13e49502
8, 29b3a6a84fe93e03fa1be978a2cf66e6f324af10ed91b0d98bf0457586435041
5, 29b449f81d3576a7274d34308250b0d11b760417ee6c789f19bd7a8c9c4c53e1
5, 29e0ba86e9218c3f1e1fdafc7ae69314a816540d05e21977f781f881c61b7c01
5, 29e1c518ca425095c3ee296f8ce452c6e6d941013be79176a7fb341aadeb9a4c
5, 29fea9a491b0e3dec2d86a7e44108577cbc5bde16814cab5ed87d4959bb6532a
11, 2a0a66ad60a3ffa488b1d1ff622806d3946d64aa1bb3660e27fc83fd1b352fda
11, 2a115ddfdc0185082e9717b05c44cbe2ec65a33cb6dd46636b3da5059877e958
8, 2a20e81f7054cda622bc6e0fef371c237d378798da2b304a7a42706920c66c3d
11, 2a242999b20c3dbf12c9f2eceb932b1c507cec908195d2fe0dbfdb9dc47661fb
5, 2a2b8b552e721712659a8031700b630ee383dcc3b2dabe31989eef5d2d4f5419
11, 2a4ec52c8541c86659b20dc31bc383813dd4581031bc9541cb19ea262997fa05
7, 2a5dc7610e0195183d1db1e6382fffdd3e753141909701b6e00cfabfb1776ea4
7, 2a84d1cc34b6b40159df7d0d709b6163340c8716f833bf2b0d9f42d6b29782e8
7, 2a9cd0c3d62f06bc6446f8b66d73b04d8f8d07046ba4bbc9c377dbdab0c5c8a1
11, 2aa44dce2f9b605e1de5dfedad2906f1e317597f1ef15b6282fe2d3e43253fa7
8, 2aabe58de88a51da3676789f8d2a7fb0e862cdf60fb70297067e620116c3cbbf
7, 2aada0a4d28c3b04535ebffcd6c5fb7b7fca35864bd5cedf059af99db1edffc8
5, 2ad44017074527f5842c6c6e900aa0e5b92aaa9c9791bf504e693c74e67463c2
10, 2ae3eb3de16ceff9adc33a4967fceecd6303ef4349517aeb5e692a3c708b251a
6, 2af8e36613a41c09bd73c92647eacca21e55cd53e88d15de8aea062fd60c3b1b
6, 2afc36290f29137a309466a1efa2c96eef94d46b29fe19f613dbd9b907d0027c
6, 2b01ac109f4581b40831084019b4e77020cc106efd8c93d0302748cc35920898
6, 2b0bc84a73c97047c3275b9e84987fe1ab3d90f0490223581ed7e508121c4c43
5, 2b12d4ac3864b4981adc1b3429ef69a25c2dd4d57fad156619ee99b70af596f8
9, 2b1ca916d6d003f6e0426ccce88715721a5a87b5786cf40e2b2c8cee9904d198
12, 2b20cda653489af3c236c469e14e71ebf47e355a3b0ae69084babd328a31dbdd
8, 2b2e37ad228d7da1cc973132acba8f931f702e788ecc38ee7ae742f8f562729c
12, 2b39253f671d8255a09c354cfdaa150521691c06f15cab666c465a00d1a3e7d0
8, 2b65c6b24a9b9e607ffa19af772b3f520b5c02cbc0451db43bd20e7be18b694a
5, 2b7199dfc25629cfe074df3ce4bde0cb2f866e271783a38337e0ce0f82e035bc
8, 2b731d716f4223bee732430c5a33e178e5274be82427def2e7795f7fc6adff91
5, 2b94a4799baaac8509920a675a8b7793fdf40df7dbd7d53e9466a0f46f4133f4
14, 2ba56fb5f8937de88c32a39efa681ceca3779d05a0996e4409982d6e9f2fb40f
14, 2ba620b94022fee82d1f40ff38f46130f112aa2523628515cfaaaafc02a78bc3
11, 2baaca308c6766c1f8af9058526205bc8a01411dbec338f7fd8053cdad961b61
14, 2bb115070bd823d91e07726252f14e187e8e8e8935575502bb465ff46b9a17c2
10, 2bc15b1b790c7412f592363223c4a25b6c734f2c9a1dcd95fc89852e3e721a2a
6, 2bc3e28a4fe352035eb22212220d65929c59dfb0138af1fcfc31db7d73dd97a1
5, 2be56a9df5c443503ed09dc0c288d82f623386cf91a036047da380cf51d7f0ab
5, 2be5c0d8a64e20084b4d671b76437c79a946075020b4359a62388ef9591e779e
9, 2c023e941f80d56382ce5517dfb7ec05656d8c9b240e6959e6eb569d4c870880
5, 2c04f8842fc935c71c111aefd93fe38105d4fd79f9d62f5bc819cdc66f15fba4
5, 2c11e5b8071267b7389be5e53dc0efd059af79ae8dceb72171cf8fe2662485ef
9, 2c1b71b0bf55c70721fb72cab4e15ff987665cf7915137052ad111e01133f009
5, 2c1c9ae9a5ba315924e0b2348f27320ea8aecd6ebfea8eb40472dfd51a7e09f9
8, 2c1f7b3f8045fa0e4cdfc8e634eaa104e16a9b203e63b6dc84134c9ab2028449
5, 2c494348b0cc4483b288965a30de79b712942d746e71637597fc3c88c39c7e64
8, 2c4b5dc49b0314e967caa1de4ecab95c3cf97c89933e3096a9f6b629ffe645e0
12, 2c5fb73912fb8d66b606c2b1b06dec0a485e1fc1dbeaae3e63e25139b016daaa
12, 2c604e9c1325cbe0073d9f766e3c8dc312a2916ca5d6c82300fdf5b4dd0ede31
13, 2c69b11230e76ae5c429b2311664a4ff9c391f8565d1df6d3fe764d71cdf46e2
5, 2c70a7bcc44616842489198603d3b98240ad7589d79e9f9eb3e85f770509549c
10, 2c9db43c0aa337d0da9e39318b1fac577a86f453730d97b7dc7d089a7d6658e2
12, 2c9e2a532f7b211a9a6cec7ee18d18d4f69e68db322ae9c7622a8b207fb19242
5, 2cabb76c0a2cfe2e60bbec823ef957150a1c19ea3fb52157ff8cc238954bf13a
11, 2cca6b654010a9687fb389baf4331ce7c469a18cebac36b4256d2f5658ebce53
5, 2cd84b1fbc88c77a224065b878c09c7448d68ec0ddf91689f314d456993a0e12
5, 2cfc40c0e8bf5bb6b7c7e03bde05cdf2484ecb90522b11e96b1c789eb0d2c321
5, 2d040f3fa4795dac12ad3dcee04932a3853d539034bfd6f820895c5b063900e8
12, 2d0ceabd5ed80da3e69942aa79a767c09d31dffdf7894986f4ef0695d8da0251
9, 2d1d35bc404582e5c8b1e110a27e3b16166dc7446fb0b42ed1a9247670e942f9
8, 2d53770ee23203eb17bdf5a093e8b8747687f4891520af02fe5427e62bd4299d
12, 2d74ccc56172cca276278cbca706bc19dc4e1e1c447b64493d2a68c39c8071d0
9, 2d7a79706d0ec82b3c80598fb735f1356552e2e38ac65f95ce2cbcece5fc158c
12, 2d7c8d11b2de1b9d54c2b6648ccb450cd7fee603edc61f8b83322b0cf67bd1a3
12, 2d7ecafd9b6d5acc7c95474be82668b7d8f5912629dd0cea988dfecef4a390a2
5, 2d8c97b48757126bc6de5dce670323a33602b6d90d21183ffdd8131716dec268
5, 2d948313872205d4a334ccd7fb263770a3daa6b678ed4fe599a450bace87e316
5, 2da364c726df3edc4857635f10271dfe8f8179dc9a13984f11916f7758a59a49
5, 2db34cd32c9c3ca5e26e6619ce9dfb9ead1a9a1fd2e398b6f4c7a38bc147ba79
10, 2dbc2bdfacad30b3476ce046078c7d1777430d84bba14244098da50aec7227e6
5, 2dc5b9077df44a41bb75b75afdac9343abdfe9293134b769d5b5d4165956a9b9
5, 2dd0472c99576efaf8c45fdb18b5a2ae6719254f1db68f3993571a4320f3b093
11, 2dd1ec97b9aa70998548fc0ea38029b1356e2b8a7ced34a17597ca2f52e95485
8, 2de0a9dfba14ee98adbbe439e12322ec5180f6abd5af9987f03696e92fe2c4b6
7, 2de2de3a251d63648b2dbdc165622c74d86a429b39047f7fdac1883c5d3569a7
7, 2de84044646ead8d2dca9c75b0edb2c525021c2cf2a406f7aadbf59e0a6982ee
7, 2e14f2ee10c832b706b7f3cd981037faa2a96454c89ad6d513112bb2676bb8d7
7, 2e24ef353593d1ffc9116e91dd7112d6a2f83743363162fb0a0221ad3ec6e311
7, 2e26a9c7168e76afedab99a51707f8561c4b9d680a235e276c6b0a036fca78ab
11, 2e29049e8a47e6f1ccd9597f8d20b6a81a63d15a1dda7e2f25e6a5bda2c2f08f
5, 2e2ac2f6538d4a2a238cc130fc873945a83ed75219a4c72110091be57f46e565
11, 2e33bb5775985a7a964edc0cf799a042ac66259809a67d1d560d74d3672b6903
11, 2e377acb96e1bc236aa0a411c25c6134360fa8dea71a62998d667941c18a98e0
11, 2e3a7be329784868a24b418c36c676bac8d8f3b6ce3c50bad1bbc0e120e36b88
7, 2e47ff69ffb400dde978a74964278046aeaac7f0a1614588e369c5a3a36be1cd
10, 2e4ac31a7da1f275af952bbd09efdb0f728a9ecb2a38cf2467552aaeddde4dd6
11, 2e502c18053cd777810365c7045a9dbba56e1aafc7499e1c07ada897445046b5
6, 2e6833f5bba1b1af79d8de994d89d4565d303886decceeb4c59abc6d9252d009
5, 2e71e1d02b039b586ace7650826a1ccbf31122dc1dec4daaa0fe51b34f3357f3
5, 2e77014c223e67f447121d5b4fb9d9947cfa1a59af76f547fe948ec9eb4fc1c3
10, 2e8126258c95fcdfad56df437aec2b26f50f779286e1e268015e49a6b9611699
10, 2eb0fbbe210136afd30d12e1b091b76929c829cd669628dcfe382d56e22a85e5
7, 2ee051196c061f4f64b348ec2d4a00f3a6f05b9f70db4294cd4e047533f88515
10, 2eece5718062999c3abbe9e0de44c16586e00a4821f3d37de2023f4b8ea47d7f
6, 2ef1ae6518fcbc3dcc30cdb87c5dc08a9eb095c6db606f9df227557ff27df5f4
6, 2f1fbbc9211ccac5227bfafc9217a6edd8ce27f5248b527a1977bddab59d2450
5, 2f29225f427fe28e8496d2a1dbb058c04900adb5fb07202075cb7afff471c7db
5, 2f34121e129ba197cdd34ee7aa99941f9077cfd122e33f08a2843d7ed40f167c
11, 2f3825309058775c81d189983517af38b7bce2a0fb20b0c9a3c344d6475fa78f
11, 2f431d1b908693dfcea9525b49fca51d13ad6692359d90b864c3f0bb53b2ae59
11, 2f515e9662ca785a9c877e81be1d52879ef4741bbde3213550a3c077127436c2
11, 2f5f5c563419312637476a4076bafca07dd7bdfa2cac0007fc4fa4ac17055c84
7, 2f615bfe8f92af11f3ae34fad568e7853d0cededeeb979faf039b5c66bced6dc
7, 2f702c2134f6811ce339aab5a27f0153d31ee9ce6eb8c86193678f7f39ac0d70
11, 2f7389d833a721880c06827a6e5fc126ee37a55c3a777246d6650c08599582f6
7, 2f74367beb74a4f4d99eeb2b66073669514c2ca118ece4d45c6cf5c82c4d5abf
11, 2f7988bffa834054bafcf924b93ccf5b99bcfcf8490e4ad739bbd308db25d6b6
13, 2f7a886585427120e4969b6f877a136e2a0a41dd0e36db40fcac76ca69a808de
13, 2f9a754d265def8aaec9b4249e328f0f7fd28f5e5ba26272e95195c0b72fb459
13, 2f9def23d2aa9d5adf8f02c5bc156ffe39edc709f7d16463812f24aed4d159b4
13, 2fbd49acc45365b6affd3d35cdc9edd97c2faa0504e582d85b658dce33e72e7e
13, 2fe1443ed25708760ccb405aefa26a4b0ee62ce20576ad31d8e4d2f4edb13e92
5, 2fe700a44116c7789c290a48672ff3d76c2c928978d0c6dca6d32893cb0be7cc
11, 2fef74258e3a904f6835a034e567cf907fa3e333c2111c70227dbc4757e7be88
5, 2ff2510907c03d460c009ff8a0502284403985a09b972454fc299e1f02b48ace
18, 3027814ac3883e587182c536377907bdcb0b72aca2a33324e823ad1e0cb7a444
18, 302eea18d3324b7f50d394734db6c07b6c443230c169c3dd00e69e282c7df99a
14, 302f8f7f1d3bcc104be59e83c6b460b7f4026987461360d33da523e1dbf1b55b
14, 302f947feb02730edf17930cbda87c88d6c113ec99a1a79ef874b833a6022fba
14, 304717e9b475e834caade1d9df6d17fa2679054d2a041ad9836910ab0670f785
14, 306c9594d3440281c56d31715794f32639db56fccc2c4a91c6241b168230a73e
13, 30bdb6e53532ff29c7e0344256201b1e99a6732e220a12c92a493f3ec020ef3f
18, 30d1ab9e2b9979af7dc972f6619a61fc35335a2b1a4a2e94e86a1576a4268494
13, 30d8e63ed1d75d5d2cb642147be01054bf2fdf8749cbb297623d5a7eb878afb1
13, 30f748d1003bf94c2a0f0943b6d913de5915b96caeea0f69a502e3cbf1240c20
18, 310b2ff64ab97966a1183ecd6d59f9140bfbcd94fa8609d7cb528fffcb28e1f8
14, 310e73f320bfd0faf0009bef4fcb63f1b75bc9dc13bb8332fb7792a8a49f191a
10, 312bfd26ac3615e90a22bdc02c343ff458e061f98298185a1b5bcdda294cae9f
10, 315ed381421d2f584e8fb121f9df7b5ee8565beb137d56100fd90ead91d594b3
5, 315f7ce4fd4fc308f460f96643dd49dfa82a710eb4784a7d97bcfa5fbbe19f51
11, 316cbe70bcdbfa70e531ddb2ce5062664616299f80ac9ee33992786ed53c9e38
7, 317ab27c555e378b20446945b7e32d68f03ef4d26fa831d7511d035145b027c6
7, 31990dbde50a31f6998dd1372426d65e4e60340bc8a382faed50bb552b1f355f
7, 31b08d1f10d48863a2809d3bf5825618ffe30ff56800ea2318101818ced9170f
6, 31bbec0c327a141312ae8cdf2b0b7a95b19dad10bec6321074bd03a1c6a43eca
