00b7c7143761c72cd5ffa430bf6ec6c4a8841a6a78e9acfde01e9dbb871339a2,0
00ef241bf92c761a1a911b626d38108545f5cf250d900eb419fbd99fb2df3041,0
0a03518572dc52acf100ce877e32b26f14efca3582779770594232807c0d76b7,0
0a0ee0aa381260d43987e98dd1a6f4bab11164e876f21db6ddb1db7c319c5cf8,0
0a2861089ae97a6224781c1fe36158b08c167d618a105dec3dc87e609afa5578,0
0a2adcac2b16b02d475e9d47b4772b77b0b4269132f07557c7ef6081727585da,0
0a3579551f7610b602d3829e71f6349201be5efa54c42fd5cd4cbd7e5739677d,0
0a6377585d21c95e78485ace2d4abc1868d6ba7229d4fa3f8a9f9ec1b7c58627,0
0a6396ad3ffb1b7060a4ea8dc50f861f6bb61d9524af9f23198ce9656bd3eef6,0
0a6ff428b0dd9362d5aa2b150cf604d271e5edf8694e7ed7e197eb413c0ed77d,0
0a85624e56403c9dc85c69fecb13bf183c42fca466f11d7ab2c8de811ccec022,0
0aa12426f5254e84562d4fa60ddbb570a9a1b14056fb0b932c19232fd94ff441,0
0ab9ac854bd501c947df6110f63a53fc1601606393549bd1b055904ecae095a5,0
0abad7ee6df3939af935362fd894a135b24dad271c04efef063242244856c603,0
0a21ef18ba03622736a8edd5390afbab6088dcacc3d5877eb0b28206285f569d,1
0a56a947d9c0be507b6aa0e2b569ca7eed39e5e802c8cf78be71adda9d324eae,1
0ae9a90db211e8b09baee9d26a97f943e6098f4f33336069895442f175111dba,1
0b0ab12cdf751f7fbe2efae9ecb771d980509aef824930de0a60f1c408dabd2c,1
0b9bcd45ae44d8d53d199e7cc137a449da27f9062815fc785df402d09e72a614,1
0ba98187e04d060d65a9b31028e08efa3a69f14352036ebdbc885003062f737a,1
0c19f5cc9fecb5abbb25c213cc884d11bbdd540b859d8b3b46accb2f34cc145d,1
0c35e7e375ae87e74da6d5a737e88ab2298500bdbe2ad92481250e8fe12989b1,1
0c3f6774c3a71d2b0395711235118dda57c04fb5f705dae0eaad00db19aa4a7a,1
0c97d985351bc1ce268548ff906bc2288f0f46c783128625a7cc96eb4ff2eee1,1
0cef14726ec5339f2b83cb6640f8a2386e4a97be68bc5699673c1095df142b77,1
0d4f1dc6cf91233caf8338cc83014344db378f698b63216bb11d59b557e5314c,1
0eb006f0e4b6391906e7951a620f7ab15db3123a52e11ce80bc0d7d615b2e19f,1
03423ffea5dced6ce7d9f23fb79d3a53b7464dd8fc2c5e90a2636da3162be7e9,1
2669c209ad1a4370e200e01804a54cc4f1c1eb7d2147c0a37d021f4862becbf7,1
2680f1d376e81f77b177013da5ed70ecbbad528ca329827f65987fb14fa30e07,0
2691f426253547325d6dc9bc6ce2b2691be3debc0ea6cbce32f0a5788f654674,0
2713c4933d3c36695759a8490a1a00351544be63954f38e480847d98b835dfbc,0
2732cc713e6a6413cdd71879a26027be6321d4ae0b106fef88c7dfc20a93c0f3,0
2789cff55d168e7704020dc75397f477255f414cf8e65dac9e69ac620c4bd004,0
2796fa483882a80326a9e27497d7a58d5c8fd516e537ad9ebab89e92badf9306,0
2805ad83f25ff3dbb4d7f756cb791919e06a83e93b2704fe446e550aed3ad76b,0
2848ddd11a5db48f801a846a4c7162027ca2ade2ef252143abde82ad9c9fdd97,1
2866dbb0f01b8793e88b84b0b308301ab85a9475ca609755227e25ac23fe9dba,1
3380b42bd415f8dd477e042ff4051e54e492d36f30b8eec8d0f87966d24f84c5,1
3432bd29bf8796a4553157b1145b6284d44a19f7ac0e3cbe786a459c657ffbc0,0
3498ae1b81b870d13f1fc8b0b59b4a66cd162cba3de0cf1a512389db400638be,1
3506b249dd79dc4725e0d42215d6a3c532487fb19671f90cf33f3cddd4a2ae7a,0
3568dca63f4fad7a47c5df9a9d86786c31c95e44a274e5445661f8f630d844b0,0
3606c445416d6baf10e7416ee0c1eea825cedbad490b4f2c203731e8b077fea1,1
3632df88a3eb1b29c9ce48606bfa7cf4504846c3b8a1f565c9876649c1099546,1
3638cb83a320384d7afb4ad3b479f4cea70bc76bac0e1368e8901ff28000c3fa,0
3653e2d3b91f509c1572ea6c1f9f600b7304a600b3d59d4a3c32dc9064e547cd,0
01c9eb0b7176f966ad2425dfca52b3d4d407a17c4dbb768a5934863bf4a29c25,1
01de7cfc11ba2f7e4f3f9f4d31dabd652410950cc030933f54d6af5dca98e9fe,0
02009933b6c24e3414377b4382ef8d65eedf16f4b27cce66dcc891410c2beefb,0
02450d8aa042608b167d5ce5dfd13e5c77705ecbe9f687f6253261acf12ef247,0
02b0a65bfdcec4de111b74c17f351c1a543c3ef7ac098302995c498d644b0bfd,1
032b18bbb6c76a2e72e1d994cae7830029c39e5cca3cf891d2eb30eaa29fbb78,0
035d127b36382532fcf23df5f63d99dc17771cf2111b105a9f44ffc012d41c57,0
04bacbc88b5a027d6db8fb3e83eb73bde1c8a4e92740fea2f52d0c49144a8c7b,1
06e3152e7076cd762f126d40a13ea8f3d21232472964c3d588fb93dc3af7e39c,1
070a7c5c1cb1186fd1677cd41eb1c8213ddc57556e5b9c8d741fb66bf340b476,0
0713a295d14dbbdf873bc79477572dade31c2080059463976dab36f51134d3bd,1
0758053e749c5a3138b30ca202437f2275547d121d0c1d1ef10ff7321b1234e6,0
076e582310968cddb0060988314c75fe4b2a3e3f84b5b4712130c8322da6db48,0
0826c33c89bce350622ae1af117a04e0b8280d9b9c6cd6daae668c377d220602,1
08b210d1ed78d3c6fd1a1b9469b650371fa3b09d21002c82d60cc421d7d47dca,0
08fda08283600116c1b54b8d7e0b5b38261cfa0b717eb8d15a76527a37a91863,0
090e1ead6fe8e3d6f7fb2598507824d436b9a624f00617cfebaecb404ab8ee8b,1
091ece1b6a39d239a926a8e2b72bb2a6492226a57d525f7e3c9963e023d224e4,1
094783ed47778c8e660496c9962909015aee4e5d14e8521fd7ef662bc87b3889,0
0965f05f2329d842a163c77b2d9da26015c92a398585d4add669238e9d5d0511,1
0971131c2b0a8e2fc27f45c87547e50c30196af9e0b1a47cf928021125239b93,1
0b2839a2ae43482f4750d11d49b2abd7c4ec5e448f40c99a00c794c819bac41f,0
0b5e1d76c90b5a9a16e9bd843483a8157620d111ed4694ae128c57ea8868f738,1
0b609dff72a315f2bb2181d7576f3c969542e0cd9be69d28b36453a626d2e921,1
0c041683e590dfd1a4c27d79799b57a308df3e69b2034f5bdc6949649e0a65ef,1
0c2a884e2729d822c5b594169c34734f36373f98ab2935384dafbd879f6b0137,1
0c313c2dbbd5d56cfdb25d66eb862f72fd3867b39f016fbd3d94a680be448382,1
0c35db39453633240613ec6416b605864b61586b9b860293737d1c51f04b894d,0
0c406f4cae46354830355b592596bd771c56f7291816ded3ae0c3428a8434a18,0
0d509d212500fefd8811bb7b6845aca5773a6bdaa26e8c5a14b66044f3f0939b,0
0d79b0549e3c832d86f0810a83ae80d6b035ca8c93daba90e172fbd9516efb7b,1
0dd26b8a1da91b79c8efc59ccde485412ee7d3f369f1937ca8593c7bbef295ae,1
0e47a85128517e25b795d2c9eb7394a645ffdc3ea857da635180e363b3a9ca90,1
0eba57e527be0ee13bcf4b91130e219411e61a7c91bd3ff9910ae69265a15d87,0
0efc34fb80b0e3fea406208c26039275b2d65cd58f07add05d3e19853fe32e49,1
0f8b759d380389c8af8703b6ff548f02b8f15963d0738e471b7d2e6d345e5ccb,0
0fd83ea60bed0d13bd33477eb0fc49c489dc036d13f84f7deff33e6401cc3e25,1
10625a678cce10d4e6c950548ae5c29bdb5a0fba530321bfe9f07a824f2ae4f7,1
1066fb8503de668b66488afe110af21e58e00c1e4c5f4efb215ce3287270c397,1
10bc3c3e5f362b16b1864ea9160bf60b91573085ccd9c357ae94b4ec43d41842,1
10bf335dfcb9fdb200b16193c192af3fe7fd1d5ca059c8bc59dad1a68fd2eedf,1
10fd8e8c79ad720a4bd6034abe5454ec1b50699d17d490a6f14e3ecbb4a2f345,0
124cff910ac3090da3ccd79b13212d9a1423675fc098d21c764b4f77b964a648,0
133aa4286d6fb91464d0c33f283661605f88842d698c791e247eea60884c462e,1
133fec8036bdcec4f5b2c5719736664d63f8a2f6817fbb93932ccd66cea5bd5c,1
13f37df45933e199dc3485b49f0072ff62a2f54ae242818f8550109d7bc4b935,1
13fdc5a8ac4879734474ca820eb5b4a94684652c5844b5396cf3e032df62fb05,0
142f31819ca2644f317b5006c2e5aab296dff04b3b43ead23473295d928b7778,1
1474a93cf0da6b31e1a202a285c4f3cbb0dfb3c3007e99a8758578f7bbcf62b6,1
14e74834988673b26492e5914974bd6c9ff0bb57d2174d17acca1d1226982107,1
1501274a0353c000eb97c6afe9f210f285f70061376184af6ef36e68e751e412,1
1502559afef9b2b87a76d8dd88e830e94371d81cdd2573c92d23bf5d11e454b6,1
157f4281e24559ce6fd2a8d589e6e998151dbb4861d0d27bb87294518ae63b3b,1
16791497e506b00f11b32a4b2f75b0b771720bf29eecb7db95a774209f0bc780,1
167b2ec8ac5de838ea645dcae451e78f99e798cb59a5e81ff8d0d0943752c8b6,1
1683de0b0f8ad8d9074c037d718337e53f3c398d201c10f562ed91520c43b697,1
168f0f27baba939305ca708821c90d8daf4fff54edf41ead72fbdbacf531f4e7,1
16a869ada4f7b6a786db74694612d6e2ce1917ec3b5f52c467b2ecdbeafa4a50,0
1733813523b8cbae052ce94486c4256e2f44dd1928f74a231e17de9d8cd8cc47,1
173c7103af38d0a49dc312f74a774ced068544e0efd6558c692ec4c20b46ec9a,1
1763be5cead22bced717610fc838e900bebd4b3c791fd8b03855d95efc5c4c02,0
178bbf58b31300a621644fe34692e7c09441cc4b19881f3ed9f8f81d1250c7ff,1
1846818401dbdcdf209136992017bc29a182c19a1a34cb3cd89debc068044d52,1
194f3c3016be5cd8ee86c959159bc383ce0e1fc265af990c6552d2ce80f46aae,1
1950ebd6726c7aaa23fe591d36c47e577bc7b7e78026a91ae35339f28f0bfa24,0
196a5f860e94631cd987cabb7c854b0bc501e3da37a7cd49fa13e4236cde2f6f,0
1a21e41f98b676df2f478c67576510341289afd30896f92170107802fa24111c,0
1ab37e70cf9821bdec007e76750880ce45c0a0cfdc1558932757167ade77b481,0
1af9696f03c7bfbad66bf5d24d8b0c34e16b451cb3e90e428cc8777b79f46e8f,1
1ba55872ab370669001034f24ecccf71ec3e7325c157ab9c75b557cee7fa2b5c,0
1bd89f172fc2ba67c5bb58606eff1e345ec2fb2d887aeca89f35eec816554def,1
1c169766897c8384d4007059b8129c7943760288fa4f79ae2c6615a5bae29ca4,1
1c2a23c28a8d3fb39a2b08995edfb919ed19e8629b0d9cb6a1075a0f7f26814d,1
1d10561694f699d00bfea2379c50c74f1fed758f15ddf845192c0299ed974285,0
1d3ade06ddd8999c5aa6d5d1eb26ee3b2f9b2dde43fc4a3ff9e77352e0637a18,1
1d54594b011435cad25a04eb4c5554dc09f3640041c8b920ba2f2638335f27bf,0
1e54434c26502bfc8322e6f1cf42c7d99cb9df58e47da9aa791dbf8d02e6172c,0
1e921902d1aac867c685980ca3891d0af6801a28ba1ab26b7a32c6075f84017b,0
1f09a465defdd907c42054b48f3f86b41f60950db6f9df06425e95b027b91280,0
1f8988fe039700c1e0a3a3f560b6e5d9c8496730c38205352306f55b954b57a5,1
1fcfdc5abdc47ab563ab8dcbac2895fed18673bbe8ad19cb899fd1aa11befa0f,1
20832e50e8ec901859936fc46b39ea70deadfda098c417b1a8adaa2ba31e2ea5,0
209ca8c47d01906a1575fb0e43f6f58a10453fd3eb077ed80bd59df9537503df,0
20f091ee9fdbfffc470779f201bafa71996702a21db408835eb09100a8333a3b,0
211831cd336e9af5dbb87ef9ab1254756bfcb8dc215b14e6aa805dcebb5e8179,1
212f5d0cad941afdc5b47007de1d06ce75f870970f04c4502185bdcb1eb5807f,1
215f381b36d363af2fd2a2d571a1773687e5f4891b57852bf688ae7e644f91bd,1
23055894c78b0643a8db45dd27dbe3aac1b3b87a1d553dba4f4d15043998197d,1
23194e1cc92b0be3dda6d0bb8e063e36da39d4e32a5f47e653d87c1b0d3445c7,1
2382434a3afb4ed38e455159cacb1d22b0ad8932d2988f3c1729a376d7f0a23e,0
23a2118ee793a059da98fbb7fefb35817058bdbe11dbd1570490e4e2ca746afa,1
247e601e92ea2e9292b30473fb7f0e4d04ab729a3365408e21c9f96ca8e2a418,1
25eeed8bea8406819cacf31f2c8944e1b49ae1c3a723cab4111ba385481f18c5,0
261269cfb237364654acbdb0c78a6726e202016edb34deb7ec4302b1fadf4d64,1
275382880fc548051fdd4a0dac7188d75980bd45c76a7cd0dc7ac1e16d41c894,1
27e7917ddf1b09296f2b300db038491ba7301916ce0cfbe67aeadece2825301d,1
2857085ab36177b271896abf914c058e833658a75bb81155502f8c56296c594c,1
2883adefe313bc6be5a8b94a92941ad34c9d6abdfb133cbb86f452cf72309883,1
28ee034b8f814a64b3862dd583642f88e3f87030cb92aad313770e05681e0cd1,1
2962522cbb430e409d38b7fc6f1142e140d04daf44c560ffb673a65884ebaba4,1
297a6d9be2606b97a7069aaaa118ca04bec5e36e1dee10d64dfeb9aca32e1dea,1
29fd7ee132ebbc5b84de2ea4e3908e5b4601b17dac16cee765bf454ade34c9d9,1
2b05b1b26108e6e17c10d5cf5d34506af769ce908061be1d94c26d1951b6d9f4,1
2b698199dc28ce97fe38a76bf2eb16f18ca67b920daf901b1536ccff79ae3792,1
2bf3cc50679fa8c7f75888971111c7f96bd681d9db20538d3c64d343219fee99,1
2c2e48b8d32f6220bf4ec9c2922debeb29bc9c0711b85d817c436deac69684ef,1
2c91e107452f3991bcc3d006d41ca650478c3e355cd5fcad6623ca86b3bb4395,1
2caf0d998e40ff6a170ac12b5bb0c6e012962e36ca3e5f7d518d2ac1465c8ce3,1
2d16c270b0c9df05db1a9948a4f722c755d7e73787162e843bda326ebf8002ca,0
2d5ff78b5c29edeeeb928896f5a42ad427e2c4f81810cb519e09f79ade1df27e,1
2d6fb9e05c5d8c97b9f9b9bb09bac0fdd32ba5a0e2e03fa4c9f62908db86e8a1,1
2dae3cf11fa24ee900b39eff964c7c2e42f4fcb6a62fe8826c1f1742116a28eb,1
2ddcb55f8b06ca69e025990ece683de620c0e41d4ae8a9024003efdd6249f471,0
2e2398a8dbd27d8f7b20c8710b4dd63955200d3479391c87146ce1cc44f231da,0
2eb98891db27c5d8332dd9d71b026bef7550719a1ace0885ab11baa4f7cd811b,0
2f8735a0c23b2954bd078869963a12de41f7bf3637c5926461dcc0b35f0cfdda,1
2fec35578e8278e02a3819857b7d96405799251b8bbb1888ecc1d59c4cc43845,1
2ff02f074ecb3eaa364c0df66390be5cb99a112a31be81ddded63d1677d96d44,1
30c045973946dfaf0ba3c58516b5d21087379abf159c8b07b3ae934a535cd5c8,1
312d3f9a2da0452b05cfa2df7ec22dd311dab62fe5ba9918d244680ee988f02e,0
317a1604d877519a187631f5d070e3f340ca5751ef538c7a89411fb3c7d92c58,0
317df3bf161fc3d379e1b2cbdb7cb2d71bc892498b0545e4b367a3905f8b4812,1
325998cc2bee9935f818451232736f4f04ccbbdcc6a289dfa28f9478a133396d,1
33144d207ffb53c975732b68b224ccaec5cc3d4eaf842b5c63c9309bc38ef07e,0
332591890c695681a98b15a0f7a4976ee7b6a2e834a22bdf8bcb28e0e84dd4f2,1
3471f39cd043c1bc67e40fa33037b57d709189e58bf8e5c244b211d53b7bec14,0
34c044e38e1026cc4dc9795194edc600fd4e16cd5c0575d3ca6657e18f86aa2d,1
34d2d970fab374839d4fe7201839f293e085a23ef0d977e3d69374fd40b9323c,0
34e691ba18e877b080491134e2797aa2c94111c581e1b23751b4b600ea568eff,1
35051ecfef6380535a273fbe66ff7eafa3bd068f5acef5c7b842266c0d586a4f,1
3525ce7b2a21513adaea805c76802a21519b5741f69b346c1a6cc9b06e2a3bb5,0
35a2fafd9418ffc7fbfc2027e5cc5247ac4b515068d72de82b84d32512e3b1ed,0
35c836c3690bf3580d2a2e0a43daed6267c060a4d454a0453a307b0039af0a84,0
3644096c4da8b317a26ab963314a00461ec455d959d8ea786dffdee7ba541215,0
36bae1d1ce40351b2c324a62119f84527b42acf512b38d33b492a52de7f15146,1
36f6dc4994df765bde44836a3de0287c63036eb2992ddf99981da149fa1eebd3,1
393dc4bd2eb69e36936a81b2f875150ee4233e1ad441e8c116be0a6d6b4fec6a,0
3943e556185e62fd6a3eafa62f701df5a72452690d27861ce7b6fe905f39d4fc,0
3974da118c26bb73fced9ef3c369e0b3539dfd88e326a61a94ddd0a9654ab630,0
39d111c45510d9086e8f7c26f6cb61886cc93c3528ad3b324eb1656d9cf3adb1,1
3ac00afc43222c30dc74f30e445644d644a5e44612898140bc4a55afd67c5f23,0
3ac33ac15c5f79e7fc5da46bdde388132ac938aa4d7c391061d4c8325f004a05,0
3b0d95c6833ef5ad0305879be13b0fa7e758e77e4aa78545325793aa50787f4d,1
3b65bcae5b99410f6771ea63253ed8eb0132189c2a8cef8b21254c7e35bd4757,1
3bd2b169774472276d97a81a941cbd250e67b5900cb98106e7b37e3a54e77998,1
3c1a9cad3165c715ef62273131bf204699b2df2f2ba509c6c6fd9359b9804ce1,0
3c3c963a7ec0293cc3ae867e032e2ce20e5e8394b313b58a6544ecb2ed161ffc,1
3c418ca9d51c1ff7ed0578e8206d2f054f0e2d3b5ede17fcd7b22d0ba730cd4c,1
3c483ea6d100933ac2a8f39ca1aba337e111e1f361a15d44f0205cfa097b0d95,0
3c6190f62235685569c31a00a390f35fbef2c0b4837fac24883becc31860fa2d,1
3d0210354f395cbfce8cfe915b8da60de2494655600cfee4fda5a30eb549dd1e,0
3d5101317c679eb56f4d1ddcd63166c6e8e02222b5a8a4ce9c8f13a0d0ec9d06,1
3d65db8dcecf28522afedde3b5ca82be91d5b3178cf4e27e8721da97b7998f62,0
3de7006d82c8f2102965a185e74c7c7819c916150d1a65dd2c60b056c3153330,0
3de999a345f6717b9470f87bc9eef1af9f28f43e25716a7f0965c22e085a50e5,0
3f922324cf5cc17f732bd6a802a80a9d1bdeaa89b52ef954148628ed367de14b,0
3faf5a51da78c037114b3fb829651abf51a9061fdad442d45e15da0e60818f1e,1
40aa01fe04ecbb5e2433dc72536eb82c76e3966fd5f7ec273a3d23c0ae17ac34,1
40f95a50a96bdfa07e2b917987ba2ea0d7bea9ead2b789c55e556a38dd600ba7,0
416608b1d41382a7b8b7c500548c1437f90c9358ee0775d014f873353fb6d7ec,1
41be39fed01676a6cc59f5df88f8edf7dcc383c271c1eaec1649acb89fc99d27,0
434bf7a1836c088c43fc231a59c7046934e575136bb713d56675903ab1d877cb,0
43818b713bb8e8dfceb333157a80b3175f2647cbcdb5983f77cf340928f17d29,1
43a46a029ce337639ceeeb9ee534cc273ca8d70c9d8fbcf97880ba746248cdd1,0
43c817ceb20408b339132f286bec7eac7dedd024e2c83184842e2888d9933d2f,1
43d32269ecc25f33884e1b68474e3c1f7d4990111a39d27539f8251f232fa881,1
44517a95e1ac72beae290a50fdabe6c18a60471eebd35deb70b92512ba1ea48c,0
4458de8471b8f91861d3416282e6321f82e1ebebb52b6dc9483fd4c9a6ff21df,1
446e09b2f0d16bcb799b9142eb3f4538cf8919f6ca559b769fc9e843cfe79d0e,1
4532d4638b7abb00399f78c06526f3b4f243d8bd95c50d49ebcd8a53ffb42cfd,1
458b5d6e5c3a9ca8dfc5bd4fd16c7e34c801c6f0f62b8b62f184e3eee812d020,1
46247a0df833ec9a52a3428eec97b32655788034fa47cea298b2232304411336,0
46768f7ccb617da593953b21ffd7cf8f431cf4aec769ea20c71a050775a3eb83,1
475c0c6e034a9b1c7c05c3239bbd04f81619e30c338f3299e408461560740e13,0
476122e8bd7ce6a91484344101f0d334025a575fd6341e5aed40cd25998ca0b0,0
47664c03a1c277f442f3f84797523099061932ba5514a9c8225f019b5a479152,0
47e50adcdea1c6a4690c726178c0e2557c91a08b015da2021bd5072b369e2ec6,1
47e89e85004813badb2695a277491d7dab1b22d013823d6f2f2bc75fca4f3e23,1
47fcdfc5777014f5bc6444140d170df76450cc6559792508ff5c52715d81f26a,1
480d03f0435523c7e5615811bc2fbc482d93019ff0d31a1512dee53f25cc96de,1
4825337bcbcc3862f10f130a3e77db5987bf2201ff62803eb451fd14d96136b9,1
48708d0513025830a4d689f8a478c41f55bc95bcb10ccc59fb4ca6096939e1c0,1
4995909ad27b224c20720fe7a6484ce8c9f29ce645bfbef541b4246acf86d367,1
49b1c86809720232a72a8d3b0d103d8fad426ae175f934fc5c9729c309994f52,0
49ba96b6745e7c91b6c9e7b32cf04a0d6997c7fe238a2af7b79950b3fe59b8f3,0
4a17919eea894143fbb1e5a7f87b7cdc6a1c0eed2bced99d969a87192569d7a0,0
4a7c703814921f3dc6acffbd9d24b9001651551da54de1ebc6a84d8eed7d0b34,1
4ad38a4f3b87c612e5c21e06fa938f3800883f7c7d7dc325ebebc745fd43c004,0
4b25c25351f3c7494479989c792f8d02125e66c0545503deebed998f1cfbcd1f,0
4d001859c760a9b4f22b56904c20dfae44a77ba34c55b7944ddca0aefc35aca3,0
4d001946205923699f32b5b5e2f43bb02af0f4cf678841d6357f118fd1dafe98,0
4d1d5b99cba02fdd14b3193c0d4928901d9d5297af4de12cb34471da25cc9b29,1
4d1d89042d81d27e98300ca3770e813ef87631511ca6600dbb42320434df9bcb,0
4d209e1da10d0d168f8c710248ae16f1244012a541244616b98450b957ea264e,0
4d679035f051987f4ebd984190446c4eb3760ac2aa255fdcfd8e3bf7216f22cd,1
4dc305533250e84991a3e784f01d92d81f76d35530ebc1838b68da17bd450e00,1
4df9e6465134bdd1d668611548e7ce9712b3b7d989988d09408bd1123a29626b,1
4fc1104fc41274ec2e8abd8e571672d38a6a0a8447def25d1e1a26ff50eb7fad,0
5026eb4c214bff3e820b0628cd7d26e0d3b686f2b9671530ab8628409b90a578,0
5032b68cac4fc9997e309e731827e9d9cde4a1fe808e2e41550507c4066d205d,1
504c0690361b4a30c33eb194e1bf179d52f559ca27c6e50ee44f6e3878425165,0
50d872aa2872eb47ac5f442b66143d34ee57b7f967c918a16bdef068c3ef20ad,1
50edac0ec81ac82c4fc88ae65baf99b202564d6cae30aea3253aa3c08d4845ea,0
511cbd33a313e9f902496ca833b7ace95491f5d630cf775f908c6aec830199f1,0
5186a94547e99a505eb40ed5989b4b9c7240e2e3e357deeabfcd721f852ea292,1
5248570ef958ceba0178354c872d4b501f062dfe672731db971c5e3617372361,1
527109050a5b8257ba20bbf0f3bdc46a068ae0d06e1954f56f6ef455a31d6ab2,1
5283c2c6d7c278f655e276154c98cb24c5ad1782626381866ea8870814f9015b,1
53a79398f21683fec7bcb61f5ac1dc613730b6527c1bd6d8d44d29fea05b6c15,1
53e61fc940d650644fdf15f8e388376aa34e7e841179e41b83667a078c2f3e40,1
55563999627d7849111ea6efbf63afa6f270424a1a84c26767b800597d613fed,1
55754327d3d389e6f6d2cbe38c71a063669c9a1b8823c091202637e29d81b328,1
578662bed810700594ad553aca33d36e072c3ad52b52c9fdd776778e067c86fb,1
595ad6a8d5e7e9e75cf648762aa07caddfa88b503b22ec34dd093b2b929cbcfa,1
5990e1b45350e8c4cf3ac034d43644e7dbafc988d8fb509b878481224b707171,1
59956c0f1f35dbe9bc9cd57d96b7d112fb7d918118d5c687cd506292238fb234,1
5a6e98a7b1fffdfee8cbda25713052eb889ac69d1cdb35d9e1cd538f66035c31,0
5adbe85d7bf99bbddd4b3fe5f11e600794f27e71b758113447a648e6948d73ea,1
5cb86bdfc8332ca268162755c158723665612c32a60263799e716d17f5d438fd,1
5d7804af0079a9cb1ad7656ed7911ca6f794ce7bbc6997c1b57a2a648446e453,0
5dd2b1678b2805891b8380ca5e4f66f92810a44dcc4b451d1e02cf0b6296470a,0
5eb12173f1e1e5e43199ae1236c04ec90c338c7697f5172e66499a3653d63181,1
5eb9e9e22b1a2fa0d714a1add84c2e592813d13d18fbdaa7fc3ac2d6d68edb14,1
5ec70087d6d0618c958c5ddf9502e54dc71a10cd7251b3b9d04acd10a514984a,0
601d71bbc08a15742d092d08e38453ee4bb471f35b51f4168305890f64edbe58,0
605f6293a6869d701a567837c60b44cefea5d101ebc28ba6e463a3879594124e,1
6156d91068c90c42a8d8fae932f251829accd5797a41eac1de7207c0ee9b160b,1
6283ca032da40776038043c2808ae6e91ca41effba68838fff27b28c95ad5ecf,1
62d3a8e89455e1a7879e51dff074bdaa52ad99a93197e6a200cde1ae140e1b07,0
633e705fb7c09e40c052e19465aa95b9946a8a0f656b6f9d792fa87684ba53d3,1
643b93a915aa1442c829e167cbf3ce1ebd523dfdcf8a7d32a68dbe90b52f4310,1
644ed078803bca41b7583977b8eba54a47a22112d239b8beb252494a5b0d9e49,1
6464b9a5c41e26aab6b05872102d317a330f748ced7ad1231001c225c867c262,0
64d941e9e85226d5186d2a5450fcabf21fe044c93c5f3a53257705fa19c6351e,1
6530123cc4e05f6bb334647a0a680fc29ab01b6448b96247ecf64cabbead3cad,1
6589909357b6f79b107290f2c1cea9736a7abaebaebd7a54b7ba7392b14a931f,1
65ac66195891bfe09d027f21446d8ea3ed977aece2cc5c69eb1401d6a9b4a101,1
6642c5daf60a6b923f100cb65a621d323131a0d52da8c6622106947f155699ab,0
685cd6fc151818af4ef640342b523fe4136fc88460b6a0f309a5e60c6adfecbc,1
68b96e63d237bb6b298b87f325d12db8a3b02e3d86a6e9c3c8b2ad032add5647,0
68cca75325b319806629204e34f0821e0351e72d6c9d2f8558b9b60e61bafa4f,1
69bd3c4caf9b88a4e35bbc17149de6df420639e9b5ec1a28c954d2bf18fc0f92,0
6a13b689692825d2e380c4a0596752fd3796c9e94060faff0033d07751f56392,0
6b20d06510d1632d6c83f9fe42a1b5ae2d3d6429048dd33181e06eded8d79ae0,0
6c223882540470e77dcf97288f32482a8fd4ca9c78be6fa1862986ed99c84429,1
6c3b0b1bb4d70d18f82c0273b6e8898c7e360aba6b968bf3b7555ef8c13ed199,0
6cfcbb7b342c6fcd84e7b06a892454446ded47c57cbcddf51b415fb00fb9be5b,0
6e0a48a1aaf987e1992619a157632b16639706c9cf3753c81b10141eda9bd205,0
6e0a4b73fed02fba58730fcc4adfd7b07f09228288ea90ca4e9433bd1a7953e3,0
6e0ea07613cf042334114a58e7cd869e574b44c4872a747d74d3b3389f2cbbda,1
6e3a71bfcdb44b48c033fd1031e61a686e5bdf35ddeb095597424e428efeac4d,1
6eba0851efa97574c3475a483a65df43f2bbcc3f3565c4d6eadbaf4e97a8dda6,1
6ef09b55400600014eb6656f27ec4a68f0712909531c225f6bef0dc0321a636a,1
6fa56d097f02f8306399ba52065b5f171818e75c1ec52f0028e445d84eafbcc2,1
705871b8b02d443a3e4da77ba3d53d91b72a9ced6d614596bf9c0bf413b0f17b,1
706492e47663028a34d1aaecd152e7fd43597328640956191e4e89201353d90b,1
71a9f4ada197008a4fe6877893ff09d3c4d96d3ef9fd47fbbb94762b598643f5,1
72cb225d68d7ce7e3d76a5640860ea06a1c5400bb13137d0eb2298ff4751be9e,1
7315e3f2f4d61ad6ff2e878051396f8f61c3f4481530979992e61277c1327eb6,1
73d578ab4454d7e1cde8f6030218a8de7c7f699a5bc31a6fd95963b6910695a2,1
74401d01625940e6d7afad63737e71b6bf9c5b7e0ee76d96e4cb37ce14c71f4f,1
74d5a6a37fb92b129699a8066387a326ede264adfb82029739b0a70a14006be9,1
74e60fe926b8e78cccfb2befbfe12a6351e94b2459ec6414ac62c3a44590f0e8,0
761a81257ffa898ef8d9d42960378fddc6fc75810d8e799bcd73aefe4b587242,0
766706b9710ad5023ecf3775b795f6e9b647b8465abf50e2b2539c8c84542a4f,1
7701b407413199f00c6fb67b8a3d06909412fd61263b3569dc61f0cf02cafd85,1
771c2a4e53d4271efa36110adda9ca7c54c6ece164d7620ff2867efa2042875f,1
7731999ddba43a9bc5fd3b2a536a782a0fde558ea257000182d97c21ec70933e,0
774811e67e6e68d0e5fe5a6b129a663a91fe49d10c11c2605744b4173734f0ca,1
7818b3679aed5cad7f88d84aa66fbf09dcff36a5db4c593fc43eb2db82e7dc36,1
785cd4d196e8dd8753497352ac7e61757d7ff90bf7e5cd9d91f4a19dbd9432db,1
78624842cd75c466a306b691d2a7f83b3831038e44d5d816930bf62251ba852f,1
78970bcb92ec3c78274376af1d4b7799f8f48063c5ddbae2c5019242ab2b0a7f,0
78ee92b89ad3c8693e7a294d473ac75cfb3eabf37c8572e810fa5149e4328418,1
794d657f230a7d51d286c6749fccbd48c4f8a01e3a778f6cf6430b8a42343565,1
798046c563d5354b8c7ac045807bd7e21edb101bd8a0fa2552d8b721b5611566,0
79852eab7b7101c49eab4d69be40d6c7e5a80d183e8863161232063509c58b98,1
7a6e7c72c15724120a00541c8a61aa3ce20c4a0b8887364c34eb000af41fb791,1
7b58baa21baee941feba9de9a2ab9d6d85307b103531c2a24bfe4ed71ee723e9,0
7b671b3fcc18878dd49865f41ae1e88bd26b13509d0dcab74414a164224e0104,1
7c77bcc46c916c505d7b9fd9e16c5ef42e08fb5e022089c76bb793e81ecb08c0,0
7dbb9caf40c5a524f92d8e1c28c972b2af5331673c366430fbc57d8e181b9ba7,1
7eb6bff745cf9951ece42ca3801500edb874eab8b8eb91d64221ebb94a7b196b,1
7ec40ef504e142678581bd5dbf854bd7c3feab0ba0059f539a9091c3972adf2b,1
7f09f18107af14912e09614a069eafa0478f8f14c828a980ae9a9cfae536f2b0,1
7f138e2c8203fa6ce4661e1a48278005a02967ba223158ba237b679279f6e01f,1
7f822e1c401125cde29e5630d59495312ab3a07acfafaf504d23b2301006dc21,1
7fdf1eb3f082cdc643cc75313e7d8cd05a7e8a2685030c6878a0a20c267c446c,1
80224ae9bbfffa13392722b128cbb6f2244ee232ef7b74632056b0aadd390515,0
80d50fd5cfacbd2894c4c993f9e846440db0a9d8e1ade80b66ba1aaf858403c5,1
80f82ca5a4982c02955c232811ebd61ad8d38803a871feba925577247f6b4391,1
812e532e1e6090e2f59577296a3a8b91f9f67cfe625d9c9999d1c5b758c25668,0
8137ed03697d509d810bb9d7e9440aeefa2b5814e2e628b567c7ee52133a7afc,1
81a232aca5fa9a06a6d5ebb3edfaa62719ab5650e48e415ea103cce51260757f,0
81a47ada1c27c7b73f2bd7ae005fbf9be574f8b1aeae33ea869778d397c57386,0
8271d52656d0a4695baf0a599c365d5a93f654944e10f2d49d65e149aee9752c,0
83019d64aa9fdf85b28e4f055155250273bd3d6404d1832d7e90462673fc2be6,1
832e0d169247eec213833c1637828d7bf132fcff82865594c920cd65d931371d,1
83500b038338e20f5309440bee4ceddd77ea99621526bf3c78cc05b8c5c2d88f,0
83ceb6eb9773b83ab71872ab0d89209af49ebf35c3e190e4c74313a2b4a902db,1
8409841abea66d5a7a1ab4179ce262bd8c449aacbfc2f2b852342067955c721e,1
84e565877130b5d89fe69627f6d4dabd781b851a37daed6d735c7331e401ec96,0
855936e7dc17a13333fd95ae6a2a411488f0fc2a5c05b2c0e3dac179ea4a51f4,1
858dcd09ef0138d730aeb21ab3cbc6e95e1ba306b1ec6d5614bfdaf438b11ef9,1
859a508d45006f12e970e645aa795308d52bb65c9879ac6caae564f4d66f557c,1
85c5fd0f741151555cddae72f8204b9a541dd09514a503dce67267654b86bfb7,0
85c8161a4db20cbfb8bce41555c3b1c6484fc6222d5176fc0801e52b81714871,0
86afd9c632d09d4b092edbe22eb074015f205c094d5aaba6c26856e37ec5df6f,1
878d0156110b7b0b1fcceac25e8340cc88cd67909422f5a981c9eb63db575804,0
88ba307ab9e22b538b9bdb9314ed586033d9cb3dd85be3a151f94a8779d75178,0
890c5ff6c274b03d12b0ae6b334115e15396d28c3440617b46e8ec0a7285b1ce,1
89b061df4ab5671b6e115e786ba4df7f85ea76bda7fd663ecd79667f8773131e,0
8a2880ab8b1b73bc53d097648f00f2ad70ba28144d5c8672dab78d2d95def17e,1
8a37655ed4050bdb8f2bd39c06b569135ef1da5c3d40a70cb4e2f1b4b8ca5333,0
8a8ead3eaed031cabc1446fce0136172b1a0dfafb75276aa9ed17012e564673d,1
8b6b6f32eaa91364b1d1ca27be6207f564ea759c8c17b5677d61f2377b241744,0
8b78a4369aca3031391a4e7c7d2df58ec9982e944cca5300f9a318fe699c8be1,0
8cb10193ced074e28c6250bf51ac3a8dabbce7b0d288b08fc178906f72d79317,1
8ccb13dd09db3686e3fe8ed70ef268663b198502dfe0ff76c241f6ac30e6b7ef,1
8da16e8e94b907d0158b7fd42129ba14a8b11b3c8afcc406c46e85c8aee548a4,1
8deaed3342f22508452949a909a27cf7965dc820c729db44988f791dc30001ff,0
8e4bb92fedd9b4c2b8edbef306daac3d47d87aca0d007e6de3b2af2fbe0c9014,1
8e5a3632f78128957fe5500825593d1ed1094cf3b79e6c630edb0b80575db20c,0
8e67245f70f3e433bd35a2c271fc4780278f25b549722c7c71dd98f234cbec81,0
8ea18b20f2b0205e4a5946092661b87f2e750055d01b9d170bf752ef94a244cc,1
8eaa6e9bb6434f8b7a0e3df5f19f46cc6c860bf0abd29069d940e5e9d1712237,0
8ee13aa3bcbf55f3261358e24d2483d72280b767521b027bfdb76db9edf0a9a4,1
8f00ae853304d9be56e3b96eb09d371389dfe3bd9b04989016b02dd3b00a2fb2,1
8f0699300cd9230393d169dcb42bcf952398deff43099250ac5c0f01c1770afc,1
8f1430f761515ddf7abb929ea7917d742ca2ba4fcfcc3e6cdd95c2ef5187c49f,1
8f8bc1c8834a6fafe68b767eedf637bb76210a4a1f1fc9b9455bf5b5c4f4cafd,1
8fcac23eb18bf012aeb5f732f808d988c47f57d620a2604e92b5b4417a1fb1db,0
8ffbdd5134316a6545ac349050f825a6627c16c1ba79772dcb5f1aebe7f33d6e,1
90c3f4f1dabd2d016157227dacb8793ac217e4b791f4edd196bfa452ffdea990,1
90f3f8c1a67a0d15aebba9ed16c38850263604f0075e54f90d0144b001cd76ce,0
918aba1c64676fb4ac971823fa8e3491b5244726611ed08f10b576902f0188a8,0
92f97bd04b4bb1baa7ed86e75d0fcc98481df78460445ca1db2e1bae88d36e2c,1
9300c625b9473afc707f60c0f0d4fe63fcc45932482183f0f22e440427317d9a,1
93dfa7ad2a16ad9d7c908526ef8d8983f04a0c2b9a0e773f72aabaa3e95b2e5a,1
9404c366a5ea7580234bed7666246aa0886603ec829e6515fda7d6fb6ecfa7c4,1
94f468523171057062ac9955f24cbe8fffa7b0f79a1fa122c169ff99ce4c00fa,1
95ce5b31b8369d767346adf36e18ff01ca17af02ea565918b48f3ad4bfe52fc4,0
95ed6961c5a5358be8d28dbb8ff3eca1b48e0925f4fa19652fec8ccd09f1d77a,1
965de84fe3b84d1dacb22201ef6574da99305ab43a9abb4220597223d0cf13c8,0
96913f462b91fbcedb9836994cec7d97b3f5ce1d93b00d5b087fadd949048d92,1
96a190c30bbb22bef7b55d9b5dafb2e1e2c894fcfb77c925b3afc1241180f60f,0
96ce6ad0bbe2e65ab9d554eab1ce343797432be546a4e26c29574c44a48a6be5,1
971fa20cb28be3d5331b42b24d488a7f8851ca4c92b8b904abf14fa5296faa99,1
974821dd8273a3dcaad80949c1e175fd8dc1ba56e275fad5d9f959a7caa12545,0
97b317aadac9284f21efb12c647d52074cc396e871cf45edcc853c9a119e852a,1
97eac6b21fb9369eefed84650e60394352644928cddbb431a3cf0cce78ef9b11,0
998455cf62285ba5b7a743e1cf0d50504a712fe37efa79bca7cc3567a75a28a3,1
9a25091f93e6b3d8b8158b9ed5542c50ce1fb1d4a10d501888ddebd2c55a2e58,0
9a84d1e7b54ab1bda111539d58bfab497ce6597cc6ab85e9d2c7aeb5a7e4a7db,0
9a8688d5e5bc39741862cc479dda4b3418b6e5c858f6e7fd54dd4b7bfa191782,0
9aba6e1a811b0fe9df29dddd39b99c14129ee1f6bb13ec92d74651a488c88978,1
9bcafc8c8fc344c5df0c1e066aef6aac949f40d1243f1f9b02a707dee2b4e642,1
9d2fd084f3d7fbe23535e3440f8c8716d9f623073ee8550114e685639922a259,0
9d3cd527c25eaf15912c3623635391a4d407441a0f34d41e1c0bd5dd4236609d,1
9d555877b8793636a2536e2b845cdf4fb19135ce36194eebecb4ab26f17f2edb,1
9de0b7abe71204b9aa9cb3015b85e3cc64e100f1f614fb90b20582d004bd67d3,1
9e05b526fbea39f8862ad45580d6cd311120df7bf22e0a3481402cda6c8f9f1e,0
9e65630f52e2d358f1e04d030e9fc325e78a275f473a7596e3c2eea81f14374e,0
9e93a9140fc3a7b5f1714c64182f525eeaaf3dfb3217067df74e5dcf7321b853,1
a084d9d03a462bd81f43bf1ac5bb96f2750418aa45fb03c5367263e50d014379,1
a09cbb8ebefb800f8c99644b5f8934bf822d7c096b22fa3284b657e9512a1971,1
a0dc09388a68e152ea7cf22db13c39fbcc53ee14a1fa26920021aba6afabd27c,1
a2fe3fafee0fe1aa93fa1c83b3fe46f00865bd7cd20107bc908faa085108eb80,1
a357b8ba04645e9648f67c4a805fab7cc82d8012a79eb1931c0da82c92d58382,1
a35f94d82c6c98feaed6b32e2439e6d2c4461bb36133788c0aecc2cef3725e9a,1
a3adedd6ef2cf57021d18c8225d56369229fe96f595d3eba8175150e831e7823,0
a4f0eb38abac572404d83a17dd2ecb9daf520ba1fa776e131c2ef4252d602169,0
a54d4827197a15716501fc44f8fce960c43ce36d2ec30da2c8c0af0fb2a947f8,0
a63e66dd72c38001dbbb23e9ea6f9c4d1f1f238b706d2c723c9ea6ff563896f9,1
a6d7d7b3e1b960e49f12aa778b228aa822befe9cf7b78d1a4ed9ebf0c2a2ebd9,0
a6daac6c0122710a3cf689ae85f57c7bb790d53dfeea8bb2abdfe7b79d4368b9,1
a6fefd81e6e3f9899603523aa40c474c57836c8c32a2885dd37d23b4fcf3a554,1
a71089755c9d42b4091e89d0de4b253c4511f69e0c8bd9f6c2840bfa932b84ee,1
a73c8efb93030657351691d8517025ea9355fc91a97d8c3a3eb0387b45db1567,0
a9a97c2f983f5963d60b172ab128c4ab1e59ec74981e3064ca8317a3c5ecbfe5,1
aa2bcf77a1d7dd2b7d7fcad8ecf85f08e605a70e1d5341cd0b740c2cfaffea04,1
aa524fd30e1fc1f81e86ef6b4051fa680d084b078ac69bcb103e65bbb1dd90e5,1
ab8bcc8102e0739d376e6490e59a4120d4a210c53db8fd2b5d425c6fdf4d81b8,1
ab95bc9f7c3ed8982d29855fe895fe88f08d0bb4c53a01266015e011e92fa0a4,0
abc9f35bc7b38c03cab87d101ff71d345eff5272b26025937908296d25df4aef,0
abd9bc58ac088a0ed19dc065b59685f64e76eedcb44e7c30d1cbcc8b2bc08fda,1
ac22fc268a776aa705b006905441e3fd49597903e1f3fea590f77baf2f67aa03,1
acd9ed6b24d6b6cdeeee9532c0b2b6df5ac1d738ffc74eb93ab533d2981afcb3,0
acdeafd47e471939c1542666f0b7e44074d56d6aee0f0f3cb705aa6b4e899834,0
ad29717f8221160d8ef9d96693a808448b8c5f89e527eca72f68648eb517e6a0,0
ad3845ebb92fa22de352556052532acc4fd8cab0cf1d1c652b7df9854b4fa502,1
ad9976e3a924cd59c7dae4e522a5e1ff3b8e6c38f3d1b7659525a21ecb1e9951,1
ada4613118962ac140763001e727693de8630024556ec138917dab2e006af529,1
adcf9140d561264a6bf1a9598123e829b75716ceeed2a8b45e406a30ac860148,0
ae5eda51fbe3ebbe25ca27f7ecc74cae168dddb0c117dc584183c2fe4e16c232,1
aea107598b723a0e3267ba7951da36b399365d1dadf5af384056bba4b01a0efb,1
aecc28824fb998c84db1688a631d2d22e2a4fa8c85ef83e716cff0ef5e2e4bac,0
aef99aada260528104643487ad8f13d12cd5075417620b73970c95455784634e,1
af6fa9e9a081370763867289df526a5c418dfc83a83d9ee9fe61d375307642dd,1
b02d67021b6d1394a18072e5ad309e07d4bb1911f4bff7cddb045d13a5732cfd,1
b04bf343b54fbb37b87f8699aa1830e51ed2d6eeca6dd688f7406820a611bf04,1
b05183d02e1795c83301d23f7f2bd99bf2e16ead4018f7f55adc1b667f10bcef,0
b053017d64a7bef19d9f5224c791c21e43449b511f3abcfb85a89015f39f2a3b,1
b0f3f1a771a608d01e1e84f82935564fe1edaf25de16a39c665aa3797f34c473,0
b1221164d12d34d79191447c7a333264b190e4ff45a8bc2ffdcc09052bbd066f,1
b19e4ce68d2a79f6ef8e91a02d1875f0248ea206f64e970c86cf08bf0366509e,0
b24013c6aa0becbdb6cd0f205c7c3de8d05adac0fd913b5509522266ade51e52,0
b2d4855fc339f89b3860bf605d8dd147b4ebbfab48cf415f927e82badb0edd28,0
b2d70dd24f0d8aefb4bef70c692d2b034f432ac4eaef007d5cb268e181fbed77,1
b33d1e0cbb967c5e73d753f1828974dc7e2375573bf122dd3cc2c1bb71ec5996,1
b410a797f928a1ca576f2a3cdab5f2dadf826a73abff9480d9707315d31dc6d6,0
b444fc5fa2b155f6df114321f84d1e63598a229413d1b0545632d9f01b945915,1
b4a60ef21e42d84b7d6eaf7f8ccd28a22c3fc059c8675f2b24b04280f394a685,1
b622347b7e8875f143284978cf2f22f7d0002ace91b294574adcf9ac250945e4,1
b67bd0d04b1c17ed9148a696eb9f1f7c8513e5225aa94507aa9acb0321f11093,1
b6a8f50b25e7e4cd3b717b74f514b0b8d8b4bd26660a47b67bf20bbbaf95d8b9,0
b842061056d6a742b569d8411a52f26998bcb6a0c1d1e7da8c4e76905f40dd82,1
b85265ce915f957e4cf570f6737a3ce672051864998dca80229e9aca5952d026,0
b947cb497b8e659f8a05935f011d869c8736b54bbdb969d118eae54de5ab498f,0
b9a8c1f47da3a506d9da7d7c6d858ebb08116795924f5a3c2c71ba76e819e0ba,1
b9d8f606b21956038de1d703bfa555a71069967b87d8d11eb4f074d293c181be,0
b9f9cd330a98f8f7f34233a00631c6f097c0f34dd4c72780f6e42c5c490279e2,0
ba5215e60f907208d5080baf10feb5e7049a823c9083ab2b44d59fb74f0d3a09,1
ba742fbb539239ac221b2afb7ac4ad103f3bd8db4875d7ef468306e7efff6ed8,1
ba7aef8fa30dafa9ac09b9d9f2c622cee8bb1e72c8436a6a7609cd5c64c3be8c,0
bab93ec5e5458dd29c6bbb1da59bc02da9c90465a0ad95cb21741d596d0779b4,0
bbb8451821943a517abbdfc76d22667ce03098aaf2aad71f9faf82bf9c121516,1
bc5690ce796d92b96b39468f043e5370a1504681a21cd228638af57771c742c1,1
bc6c51422f7ab8b2ef51719c73698c0f756b2adb26cc103bc8ec365504f5b9f0,0
bcaa0a2c5130680994985da5557531ed91d209705ca198aa742e1bd6acbb61e1,1
bcee087fbfc225090a76e0848d1148b7ab9b4bf8b585311f55d414d5cf0ff744,0
bd397fe1d3851b603bb7e21bd0ed171bb4882cc9f5c5a1981452ac117b76b81e,1
bdb548df2aa6f57fd83518315f6ced51f7b63bd43855713d0392c3bc763e861c,1
be720162add1ece4b31fe902a4bc6d81700e9114559adb36ff70ba23f2345065,1
be8bf1b4c50c3a2c3308a7aa5155125c769d8e6cc262f3e7e30ffaa488479d37,1
becb1149478461c5259a5f7327c84ae62a3ac640b90593d4594ceab761961ec1,0
bee315af7be02459bf3b3afb66616d594f703072b7b7702b81844081d28bea2b,0
c1651bc2b12d7762c754605b3a640985de5f364a34521ba38f4a9837028829cc,1
c1a3d560421ca0f401aae0079d9f397f89c4b671ffc6c8e2909d898760afaa8a,0
00528d27d84f7581708f1ad6bd233937be1ad0ba5ca4435cfde2c299631b4a67,0
0097caf317eaee483d712f95011fca835c9295a906945f99714c5cfb5c79ee02,0
00accd017be3b6376c72c90cbaee1daa5209059005031492f0c275f3c6f3684e,0
00df7ae1d497ec0a03df202a87d87f0bb032503de3ea7c0c75779caafc4892a2,1
012562873c4c4362fed1ea8fb5d9e0b740ccf18ca87c0371b84f4cc7695ec843,0
01719251ae13097a2e07dc1be48df8288b5959818b97b27eacf4801943e2cd8f,1
0195b899b09d27d9f641e5d789f2ab27150e43aad78de121633ddccd8151d56a,0
01de1ce759412710ef4d316a9185ceed1fb4dd051625bc09c3b6c8e408faffe7,1
01f2add83b64a820898f27de3c41ceef5dbce5da64065002dc44826ccbc1af95,1
021550f392b081241d095a3b9eab1c581bd49b54bbaff4d2e8dedb226f93df01,1
02b555be70b36fb21388b99c3770cefe9990901050fc074a0ccd568de7ddb572,0
02cd648883c48e8143d68b6acf04965d1f7703d1e3ea2b9a5a6cfc35792dffca,0
035f93005927d9ba2abf9bec630f04b271f1cbd0a40db1c053d9722541c2aba7,0
03f534f06981f3a118e4fdfc9d6d964c743fad26f162d35b822df40e9aad975b,0
040b766c889ae94ad2c1927c86d067efd3ea7252748d4b7cdd9acd4970997aeb,0
0418d9e0b0ff1290485e9984158e26e1ed0777d218c4d0a31f92e448ad0ea2b1,1
0441dd447410066796035a12df9d66f6c79f00ca0f6f8bc404fb7713df217d4b,0
049254e31d6f83da4e9e3f8d782ffc919786088e821348b78e20ab13379d2d6b,0
04d4028bd8a21a6bb4f9c4a5f15ad17aef4526768fcf4f10c5f0f64ec33b76f7,1
04ebfcf095df36b23b887492d3ec15047495b65cb7abf7c621ac5ba32878a161,0
05015ba81ebe00f675325c057819d610ca7a9a38700c5e68583c024516ea4591,1
057962d9859c54fc900182c29f977b002e88ba2faaaf2b271bf00bc51337ce58,0
05abcc63f6fe63ef3ccb8389f711356cc558fcf43a066188e8739b345e1daac7,0
05b5903d9d055775c01220f9e77636a91a2ba53c7dfeb02e2003c5aa3e77566c,0
05b74e84c5397cb10f74b287002f635440255e3484a75c4795d29427a6beef6f,0
063da7536488def4c4c04317add5b149c3d4abc6427939d4ff937b74ee99fd0b,0
06620693f971e12ce53c0bdeac7f4e38afe406267df46e9b671cd668284fec71,0
0670e6de8e5618287405da49ea2377cb03a66495d3b7cc9c6f0376d85e8c0212,0
0694d8927b3cf738735cc6d4b71f72196c5ed5cca9ec73e4ca7d75c45b429f54,1
06bac7efe295302beaa99a4a1073c541fc99978220a8ae0b1cee7d5a54e1fcf1,1
07d7feb7b2cb70eab5851dc32d159d95a0b276b8e1aa6802564218f1ba265ddc,0
07e09f91b7097ec41ecd8b925eec841cdb8752382791dae5866ce2627092f433,0
080318bf15cf441916653fb7f940abb84aedf5ac790e29448706b54c48c8cc35,0
097de675b9813a65854d49ad0719bdc42159893a9c41df548c0fe1ed4fa9513e,0
09ddd254987cc995a1829ad3ce398215e47f6449b4498092ac4ec910aa9d4752,0
09f13fb73d4115462476c085113c5c9777dd380ae2d8889a8a9c7b04e424ad79,0
0a0dbf095a4e8d6ea7d656126ee0d6b24915981c7528d6a4fb14761097e65999,1
0a1fe0f21e5ea80b1b7e85c89ca07a86630e33ed4758627c40310509b37fae35,0
0aa2068b1afa739e64e50ae8aad38ae1f28aa62a26cfff334761990a317453df,1
0abe6974fa123b33814167cf7dc149f661e2a0b506fbd8a33e7ebbed11c13478,1
0b2897cabbcd1c131fcc834febe420a51bf20fb328c13dca7e361da6e6187f76,1
0b33696e08e87ecd465ed1c5e92a81c2039502dc5f6ab33e64aae6fa3c58a370,0
0b43f8e187ed5a16aa81b27dd381c1f4eabf52b11eb435715a69eaad8af17a0d,0
0b4dcb9c24460718e61449b6afc0375889bb6d573ea0dd61f59cd22bc8e33ce7,0
0b63fef685ba1d1865340c3ba5bc2c211e73de58422bcd3aecda234e5b2ef114,1
0c2fe357fb5879f410bb1b36c627f22c9da23ef5bc4ebdbc5d60940ff66a9d47,0
0c5740ab83df3c544ef8ce9cb62eb9eb18441c7d9d9397719807affa23614037,1
0cc3d125fd3435919f2074d42da7654823898cc8490fbbfbe3f925805c6a7d3f,1
0cc95c6b2baa2f8f29e91ce58bceaaa03c7cd73e8f0b1be6ac52d5b4a3b4c2c3,0
0ccca891d805c9c809477238c73330c9fd9c655f22dad1200d4aa826d4aa9a1f,1
0ccdc4528e5a5ab727323883dae0668c5df268fc970d53bf75d91e160ae552d5,0
0cd0bf1e2e5430917f2c7dc8e4ec08eb174ddd5e380c83a09d5065f8c8629550,0
0ce25ece6651de794f2ff1c6601a9e7bb781e6fa72fa7b29f221015449b75109,0
0d261c6f5b48fe538e1f5f2da7034ed72fb236a2cfd7c2418093aea53bc78e5d,0
0e0147eda810f0e6f6c7db163d70a639fe18c4522ee21cc7d6a6a59ffe4e8dee,0
0ea02a8f36466f9f8114294c28b99b86d422785cb01dc004f5c8a90c8769fa2b,0
0eb9173786ac8a5b3cb0729630af6c3ffc9961774d9f9579937fc331d73c23e4,0
0ecf21d2b2623dfe3f99eafc6aeb146b0481158e49f8087bb17067f7245dc8c8,0
0ee7519eca288159f67ec989d03dcbdb50b14cd86cf372508a15b34a79dcd02f,0
0f0d760b70fa663b98fcd38ff0d448548108c4e9b272b65cb82f973a1c14bdad,0
0f29937109653c10d49a1e607f20e91406dc06fb9ab2275195fd7a836884f30c,1
0fa14df74a7d22a938fe52c33b12109d7d5dbca83b4b9c74a1debe1859fe4951,0
0fbe165fddc30ced3529ec0fc8ceee04b069ab58281c4222a59cbbc30f381fb2,1
0ffda7e954364a81c264d22dc51afa5e9a66b03571ca05b6c59a2f7e5f75269f,0
101490b31eb83b91bea3ab9060df1f43e33bc1b2ee0dc650e55eba8a7c5022ad,0
1028df7029746e4f4327ef29bc11e5b3a56c45bf58487ec1b13bbcab26fd8b22,1
10c5557ab90b9f2391e8ec552aca28336eba4d7830370f0bcafea756834ddc05,1
10f9db84dc8c22a2ff9ee05e2dce462e16d72d50eff6465e7c4345cdb1d7c1e4,0
1118f04ae2704ea77964877b8a0611f0118d492b6d9816be4771a2b9f2369e07,0
112db040ec86023c4d3c8cc8ee541a36ae31902a2a2e21328e14bcd326344c72,1
116dbbb98f9ba210862c713aae1cd351a258e44897bfa5988377695cf4324f0b,1
118f9d5f8348d58d08cb92a87a539ce5da952849649a0ca9ebb0d9ccbc9b05ba,1
11f36468e26ed2cfb19870033249e9d036139f6fef309200dcd44103dc7c7081,1
120a1fd92aed51efee7ed41bf7781afb2934db1fc5135b900dcf6c6ee8402dd1,1
1225d8bb7beaf37c297d384d0d7c08ff08346321ae5121f99abab12c67c39349,1
13741362dc5c8402073066f87eded410c4dec301ee1919c15d64efec24d43a5c,0
1423097b4416a0abfec3caa2cbd7db0368e03547e92df0aec7fac8492606aa58,1
1492914b62ff70fc4696312f9f1f27953b140b235e0d3b01ca8db4fd46a73929,1
15637159a0b02949fd9ac2e6bd11e726d37651bbe905cae98d3d9bfd4ba1c0bf,1
157147c5992726b4703c3923bd0ef1f212022ff0690b8a9ee516707fa57f2fd7,1
1571f068e5c0d37a728e68719e6ee0b7cb9240a327d247610b23793835c7460f,0
15826a667798676045af4925aa47b32090b329408adba09af74cc12e5a71471a,0
1592bb97dd59636fe5bd228322221540c1ec232dbb05ef3a8d41831a6aca8885,0
15bdc1058f61b086db7382956ca4c301982be4f4c966ffa85e95337d158993b7,1
15e84a6d2bf8a14f6cf49ff5ca5033edcd6db8bca6fc24074c0471702b0182ff,0
166030a9b9783327abe858df92ba0dd388691c9b238ee6b20cd3f4e83704d5ef,1
16a3b4b2db760e04fa244cb763b3c9d00e2b7dbbcd70b85b7c59ef7b03370d25,0
16e69e924d83915cfa86affb9827744246cc80a3a65542aba30ff1f96cec1f30,0
177dd2720f111236731429eca0315b26a13c86814b113202cb41e4fc644f4dc6,1
17b2ff3a98eae79d4c5c7240861aeeb8b502eba3c80abdf240b436fee8e08ab4,0
188a16ca46a1954f5db5b2d4a9781af74cc95329ff5465988fb5c90cd68e5579,0
18f9a6f8be75db9f7e8b59c574e82052114a70bc5b1ecb82e7fef2d5198b9da1,0
191db9058a931ece814cc82a764568b0a7c7e2e4e40f4eb7987c273a21e56c2c,1
1a0da5cbe6cba142e771d27687b46b75bebd6fbd69f70c3b08f3008bfcdc23ea,0
1a0fa0c56c6a9792100bbef7792a04f12a64ca0e2aac26f0cc7889ef3e243eee,1
1a22bc7bd319c510a10743d3324e1e1bf969e439b6c986cff9ff10dad8d37cb5,0
1a7593041b2fe8d4171294ae0dff5b0b6572bb61e1c7ec1a0cf5a6ce28fbe67b,0
1a759f15e013a489cfaabba9732794fbf5422c1628230b8224f45d763bee196d,1
1a947c2d9c42a542d671e597a7f722e58f0b51a624b9f6fdb5ac9ae3861e8ee3,0
1aad6b1ff52d3c7804639a535414881b27e7f7be5029ed2fb2b79548e0411759,0
1abc68b41b0192c67ace5492ce13677c35cf18b4f3c748fd2f766b343844226c,0
1ac5d9f11bce9654275904e84c7ec3aed0d6c7ec5fd8aad67120afd97fa84629,0
1b00f78798111c0778a4642c9d6a1486fc8e74f476ff76d0409be92cbe38c9d3,1
1b07812dfab529d7aa58bae8018e6a664fb710e7a035e426696c0f03e8e76a24,1
1b5a3cde613a2d8f606519c82679fd615994c071e8bcb7c6cad71ec0cce46b31,0
1b8f741b1fdb569377f834cff8df13023f7f17ffa5301dd8bab2d1e884c76796,1
