0028674d11b4995333b419ca593b6596ed482c28fba06b9349718a838a43618e,0,0,0,0,0,0,0,0,0,0,0,0,23,0,0,0,0,0,0,0,0,0,7,0,10,1,0,0,0,0,0,0,0,0,0,0,0,0,0,0,0,0,0,0,0,6,0,0,14,0,0,0,0,4,0,0,0,0,0,0,0,0,0,0,0,0,0,0,0,0,0,2,0,0,0,0,0,0,0,0,0,0,2,2,0,0,0,0,0,0,0,0,0,0,5,4,0,0,1,0,0,0,0,1,41,0,0,0,0,0,0,0,0,0,1,0,0,0,0,0,0,0,0,0,0,0,0,0,0,0,0,0,0,0,1,0,0,0,0,0,0,1,0,0,0,0,0,0,0,0,3,0,0,4,0,0,8,0,2,0,0,16,0,0,0,0,0,0,0,0,0,0,2,2,0,0,0,0,0,0,0,0,0,0,0,0,0,0,0,0,0,0,0,119,0,0,0,0,0,0,0,0,0,0,0,0,0,0,1,0,0,0,0,0,0,0,0,0,0,0,4,0,0,0,0,0,0,0,0,0,0,0,0,0,0,0,0,0,0,0,0,0,0,0,1,0,4,1,0,0,0,0,0,0,0,0,0,0,0,0,0,0,0,0,0,0,0,0,0,0,0,0,0,0,0,0,0,57,0,0,1,0,0,0,0,0,18,0,0,0,0,0,0,0,0,0,0,0,2,0,0,0,0,0,0,0,0,0,0,1
005754ced6f73a197a4a21c58da39d5e3ee84e484640765dbda2475f4ba2d3bd,0,0,0,0,0,0,0,0,0,0,0,0,2,0,0,0,0,0,0,0,0,0,0,0,1,0,0,0,0,0,0,0,0,0,0,0,0,0,0,0,0,0,0,0,0,0,0,0,0,0,0,0,0,0,0,0,0,3,0,0,0,0,0,0,0,0,0,0,0,0,0,0,0,0,0,0,0,0,0,0,0,0,0,0,0,0,0,0,0,0,0,0,0,0,1,0,0,0,0,0,0,0,0,0,0,0,0,0,0,0,0,0,0,0,0,0,0,0,0,0,0,0,0,0,0,0,0,0,0,0,0,0,0,0,0,0,0,0,0,0,0,1,0,0,0,0,0,0,0,0,3,0,0,0,0,0,0,0,0,0,0,0,0,0,0,0,0,0,0,0,0,0,0,0,0,0,0,0,0,0,0,0,0,0,0,0,0,0,0,0,0,0,0,0,0,0,0,0,0,0,0,0,0,0,0,0,0,0,0,0,0,0,0,0,0,0,0,0,0,0,0,0,0,0,0,0,0,3,0,0,0,0,0,0,0,0,0,0,0,0,0,0,0,0,0,0,0,0,0,0,0,0,0,0,0,0,0,0,0,0,0,0,0,0,0,0,0,0,0,0,0,0,1,0,0,0,0,33,0,0,1,0,0,0,0,0,0,0,0,0,0,0,0,0,0,0,0,0,0,1,0,0,0,0,0,0,0,0,0,1
009997e531dc3f4f5c02ed2de7cfa06de6cf66d6945899646d0a1aa60f3187c0,0,0,0,0,0,0,0,0,0,0,0,0,24,0,0,0,0,0,0,0,0,0,2,0,7,0,0,0,2,0,0,0,0,0,0,0,0,0,0,0,1,1,0,0,0,0,0,0,17,0,0,0,0,5,0,0,0,0,0,0,0,0,0,0,1,0,0,0,0,0,0,0,0,5,0,0,0,0,0,5,0,0,5,2,1,0,0,0,6,0,0,0,0,0,4,0,0,0,0,0,0,0,0,0,0,0,0,0,0,0,0,0,1,1,0,0,0,0,1,0,0,0,0,0,0,0,0,0,0,0,0,0,0,0,1,0,0,0,0,0,0,0,0,0,2,0,0,0,0,0,4,0,0,11,0,0,5,0,0,0,0,1,0,0,0,0,0,0,0,0,0,0,2,0,0,0,0,0,0,0,0,0,0,0,0,0,0,0,0,0,0,0,0,92,1,0,0,0,0,1,0,0,0,0,0,0,0,0,0,0,0,0,0,0,0,0,0,0,0,0,0,0,0,0,0,0,8,3,0,0,0,0,0,0,0,0,0,0,1,0,0,0,0,0,1,0,6,3,0,0,0,0,0,0,0,0,0,0,0,0,0,0,0,0,0,0,0,0,0,0,0,0,0,0,0,0,0,74,0,3,0,0,0,0,0,0,43,0,0,0,0,0,0,0,0,0,0,0,0,0,0,0,0,0,0,0,0,0,0,1
01090324565d0c453fb6a5cc95f5b0b49353184cc475e301391032296f590cac,0,0,0,0,0,0,0,0,0,0,0,0,33,0,0,0,0,0,0,0,0,0,7,0,5,264,0,0,0,2,0,0,0,0,0,0,0,0,0,0,0,2,0,0,0,0,0,0,0,218,0,0,0,2,0,0,0,3,0,0,0,0,0,0,0,0,0,0,0,0,0,22,1,0,0,0,0,0,0,0,0,0,0,0,0,0,0,0,3,0,0,0,0,0,1,0,0,0,0,0,0,0,0,0,0,0,0,0,0,0,0,0,0,1,0,0,0,0,0,0,0,0,0,0,0,0,0,0,0,0,0,0,0,0,2,0,0,0,0,244,0,0,0,0,0,0,0,0,0,0,4,0,0,0,0,0,7,0,1,0,0,2,0,2,0,0,0,0,0,0,0,0,0,0,0,0,0,0,0,0,0,0,0,0,0,0,0,0,0,0,0,18,0,0,1,0,0,0,0,0,0,0,0,0,0,0,0,0,0,0,0,0,0,0,0,0,0,0,0,0,1,0,0,0,0,0,8,0,0,0,0,0,0,0,0,0,0,0,0,0,0,0,0,0,0,0,12,0,0,0,0,0,0,0,0,0,11,0,0,0,0,0,1,0,0,0,0,0,0,0,0,0,0,0,0,0,11,33,0,0,1,0,0,0,0,0,30,0,0,0,1,0,0,0,0,0,0,0,1,1,0,0,0,0,0,0,0,0,0,1
010990b2459a598d1bab97167fe23d0777f282f32e4ff2f86cf08b0808f68ca9,0,0,0,0,0,0,0,0,0,0,0,0,58,0,0,0,0,0,0,0,0,0,4,0,1,0,0,0,0,0,0,0,0,0,0,0,0,0,0,0,0,0,0,0,0,0,0,0,0,0,0,0,0,0,33,0,2,0,0,0,0,0,0,0,0,0,0,0,0,0,0,4,0,1,0,0,0,0,0,2,0,0,1,0,0,0,0,0,0,0,0,0,0,0,4,0,0,0,0,0,0,0,0,0,0,0,0,0,0,0,1,0,2,1,0,0,0,0,0,0,0,0,0,0,0,0,0,0,0,0,0,0,0,0,0,0,0,0,0,0,0,0,1,0,0,0,0,0,0,0,4,0,0,0,0,0,4,0,3,0,0,0,0,0,0,0,0,0,0,0,0,0,0,0,0,0,0,0,0,0,0,0,0,0,0,0,0,0,0,0,0,0,0,0,0,0,0,0,0,0,0,0,0,0,0,0,0,0,0,0,0,0,0,0,0,0,0,0,0,0,3,0,0,0,0,1,0,3,0,0,0,0,0,0,0,0,0,0,0,0,0,0,0,0,0,0,1,0,0,0,0,0,0,0,0,4,0,0,0,0,0,0,0,0,0,0,0,0,0,0,0,0,0,6,0,0,0,6,0,6,0,0,0,0,0,0,1,0,0,0,0,0,0,0,0,0,0,0,0,0,0,0,0,0,0,0,0,0,0,1
0119247be3c7707b1421dc5de6457eae359ac7c493daaf0e68d3288e8a2296b8,0,0,0,0,0,0,0,0,0,0,0,0,31,0,0,0,0,0,0,0,0,0,4,0,6,141,0,0,1,1,0,0,0,0,0,0,0,0,0,1,39,0,0,0,0,0,0,0,17,1,0,0,0,15,0,0,4,0,0,0,0,0,0,0,2,0,0,1,0,0,0,6,0,1,0,0,0,0,0,2,0,0,1,2,0,0,0,0,6,0,0,0,0,0,7,0,0,0,0,0,1,0,1,0,3,0,0,0,0,0,0,0,1,1,1,0,0,2,0,0,0,0,0,0,0,0,0,0,3,0,0,0,0,0,3,0,0,0,0,10,0,2,1,0,3,0,0,0,0,9,5,3,0,20,0,0,4,0,4,0,0,8,0,2,0,0,0,0,0,0,0,0,11,1,0,0,0,0,0,0,0,0,0,0,0,1,0,0,0,0,0,1,0,6,0,0,0,0,0,0,0,0,0,0,0,0,0,0,1,0,0,0,1,0,0,1,0,0,0,0,5,0,0,0,0,0,2,3,0,0,0,0,0,0,2,0,0,0,0,1,1,0,0,0,3,0,8,0,0,0,0,0,0,0,0,1,0,0,4,0,0,0,0,0,0,0,0,4,0,0,0,0,0,2,0,1,0,13,0,6,3,2,0,0,0,0,13,0,0,0,0,0,0,0,0,0,0,0,1,0,0,0,0,0,0,0,0,0,0,1
017101b3c538cf9368dcb91b9f8b252322183dcbca90ee01ed338e331f029166,0,0,0,0,0,0,0,0,0,0,0,0,165,0,0,0,0,0,0,0,0,0,33,0,19,1,0,0,4,0,0,0,0,0,0,0,0,0,0,0,0,24,0,6,0,0,0,0,20,0,0,0,0,249,0,0,0,0,0,0,0,0,0,0,0,0,0,0,0,0,0,34,1,4,0,0,0,0,1,2,0,0,30,2,1,0,0,0,8,0,0,0,0,0,500,0,0,0,5,0,0,0,0,0,30,0,0,0,4,0,30,0,1,0,1,0,0,0,1,0,0,0,0,0,0,0,0,0,0,0,0,0,0,0,1,0,0,0,0,1,0,6,15,0,2,0,0,0,0,0,43,0,0,4,0,0,19,0,30,3,0,0,0,1,0,0,0,0,0,0,0,0,253,15,0,0,0,0,0,0,0,0,0,0,0,0,0,3,0,0,0,1,0,134,0,0,0,0,0,0,0,0,2,0,0,0,0,0,0,0,0,0,0,0,0,0,0,0,0,0,31,0,0,0,0,0,0,3,0,0,0,0,0,0,0,0,0,0,2,0,0,0,0,0,2,0,36,1,0,0,0,0,0,0,0,33,0,0,0,0,0,0,0,0,0,0,0,0,0,0,0,0,0,15,0,0,1,87,0,0,1,0,0,0,0,0,30,0,0,0,0,0,0,0,0,0,0,0,2,1,0,0,0,0,0,0,0,0,0,1
0236264a8a7557bbf1d20b847514e7ff0535f32a81d99823cceb976a0a0d1fa1,0,0,0,0,0,0,0,0,0,0,0,0,26,0,0,0,0,0,0,0,0,0,8,0,11,20,0,0,0,1,0,0,0,4,0,0,0,0,0,0,53,0,0,0,0,0,0,0,15,0,0,0,0,44,0,0,1,0,0,0,0,0,0,0,1,0,0,0,0,0,0,2,0,0,0,0,0,0,1,4,0,0,25,2,9,0,0,0,3,0,0,0,0,0,38,0,0,0,2,0,0,0,0,0,0,0,0,0,0,0,0,0,1,0,2,0,0,0,0,0,0,0,0,0,9,0,0,0,10,0,0,0,0,0,3,0,0,0,0,18,0,0,0,0,0,9,0,0,0,15,13,0,0,27,0,0,5,0,2,0,0,1,0,0,0,0,0,0,0,0,0,0,24,0,0,0,0,0,0,0,0,0,0,0,0,0,0,1,0,0,0,0,0,198,0,0,0,0,0,0,0,0,0,0,2,0,0,0,0,0,0,0,0,0,0,0,0,0,0,0,4,0,0,0,0,0,0,0,0,0,0,0,0,0,0,0,0,0,0,0,0,0,0,0,2,0,0,0,0,0,0,0,0,0,0,0,0,0,0,0,1,0,0,0,0,1,0,0,0,0,0,0,0,4,0,0,0,68,0,0,0,0,0,0,0,0,17,0,0,0,0,0,0,0,0,0,0,0,2,0,0,0,0,0,0,0,0,0,0,1
03370c7495780cc142141ff12a52d2dcde6fb221605adebd049f61c22080ac5d,0,0,0,0,0,0,0,0,0,0,0,0,30,0,0,0,0,3,0,72,0,0,13,0,22,1,0,0,3,1,0,0,0,2,0,3,0,0,0,1,0,0,0,0,0,5,0,0,1,1,0,3,0,12,2,0,1,1,0,0,0,0,0,0,0,0,0,0,0,0,0,3,0,2,0,0,1,1,1,0,0,0,2,2,0,0,0,0,3,0,1,0,0,0,17,2,0,0,0,0,1,0,0,0,2,0,0,0,0,0,15,0,1,0,1,0,0,289,0,0,0,0,0,0,4,1,0,0,44,0,0,2,1,0,4,0,0,0,0,140,0,3,1,0,3,264,0,0,0,1,4,2,2,2,0,0,11,0,1,0,0,2,0,1,0,0,5,0,0,1,0,0,10,1,6,0,0,0,0,0,0,0,0,0,1,0,0,10,0,0,0,4,0,60,1,0,0,0,0,0,0,0,0,0,2,0,0,0,1,5940,0,0,0,0,6,0,0,0,0,0,1,0,0,0,0,0,2,3,0,0,0,0,0,0,2,0,1,0,0,1,2,0,0,0,1,0,1,1,0,0,0,0,0,28,0,1,3,0,6,0,0,12,1,0,0,0,0,33,3,1,0,0,1,7,1,1,1,69,1,0,8,2,0,0,0,0,9,0,0,0,1,0,0,0,0,0,0,0,1,3,0,0,0,0,0,0,8,3,0,1
03423ffea5dced6ce7d9f23fb79d3a53b7464dd8fc2c5e90a2636da3162be7e9,0,0,0,0,0,0,0,0,0,0,0,0,0,0,0,0,0,0,0,0,0,0,0,0,0,0,0,0,0,0,0,0,0,0,0,0,0,0,0,0,0,0,0,0,0,0,0,0,0,0,0,0,0,0,0,0,0,0,0,0,0,0,0,0,0,0,0,0,0,0,0,2,0,0,0,0,0,0,0,0,0,0,0,0,0,0,0,0,0,0,0,0,0,0,0,0,0,0,0,5,0,0,0,0,0,0,0,0,0,0,0,0,0,0,0,0,0,0,0,0,0,0,0,0,0,0,0,0,0,0,0,0,0,0,0,0,0,0,0,0,0,0,0,0,0,0,0,0,0,0,2,0,0,0,0,0,0,0,0,0,0,0,0,0,0,0,0,0,0,0,0,0,0,0,0,0,0,0,0,0,0,0,0,0,0,0,0,0,0,0,0,0,0,0,0,0,0,0,0,0,0,0,0,0,0,0,0,0,0,0,0,0,0,37,0,0,0,0,0,0,0,0,0,0,0,0,0,3,0,0,0,0,0,0,0,0,0,0,0,0,0,0,0,0,0,0,0,0,0,0,0,0,0,0,0,0,0,0,0,0,0,0,0,0,0,0,0,0,0,0,0,0,0,0,0,0,0,0,0,0,0,0,0,0,0,0,2,0,0,0,0,0,0,0,0,0,0,0,0,1,0,0,0,0,0,0,0,0,0,1
036907ed38383e4d9e8196a66ea2793e3dac1f30926780316c011a67156d6de7,0,0,0,0,0,0,0,0,0,0,0,0,319,0,0,0,0,0,0,0,0,0,70,0,69,5,0,0,2,1,0,0,0,75,0,3,0,0,0,0,0,0,0,0,0,202,0,0,0,0,0,1,0,33,168,0,7,6,0,0,0,0,0,0,0,0,0,0,0,0,0,26,0,6,0,0,1,0,4,14,0,0,1,1,0,0,0,0,0,0,0,0,0,0,46,15,0,0,2,0,0,3,0,0,4,0,0,0,18,0,0,0,47,0,2,13,0,3,0,0,0,0,0,0,0,0,0,0,0,0,0,0,4,0,1,118,0,0,0,4,0,4,0,0,1,0,0,0,0,1,145,0,0,1,5,0,135,0,20,0,0,0,0,15,0,0,1,0,0,1,0,0,48,6,0,0,0,0,0,0,0,0,0,0,0,0,0,0,0,0,0,0,0,19,1,1,0,0,0,0,1,0,0,0,5,0,0,0,1,0,0,0,0,0,2,0,0,0,0,0,22,0,0,0,0,0,17,0,0,0,0,0,38,0,1,0,146,0,0,0,0,0,0,0,6,0,13,0,0,0,0,0,0,0,2,20,0,0,0,0,0,4,0,0,0,0,0,16,0,0,0,0,1,6,0,0,0,364,0,5,20,1,0,0,0,0,84,0,0,0,1,0,0,0,0,0,0,0,3,1,0,0,0,0,1,0,0,0,0,1
038461b34a6b52b659cb269213646c6197687679d305cebe2131b32ad477029e,0,0,0,0,0,0,0,0,0,0,0,0,351,0,0,0,0,0,0,0,0,0,106,0,28,67,0,0,43,0,0,0,0,0,0,0,0,48,0,0,57,4,0,216,0,0,0,0,97,2,0,0,0,410,1,0,2,0,0,3,0,0,0,0,1,0,0,1,0,0,0,63,0,1,0,0,0,0,0,9,0,0,38,2,38,0,0,0,8,0,0,0,0,0,601,0,0,0,2,0,0,0,10,5,0,0,0,0,0,0,4,0,1,0,5,0,0,56,0,0,0,0,0,0,0,0,0,0,0,0,0,0,0,0,19,0,0,0,0,8,0,2,6,0,16,0,0,0,0,0,16,0,0,32,0,0,117,0,10,0,0,9,0,1,0,0,1,0,0,0,0,0,2202,0,0,0,0,0,0,0,0,0,0,0,0,0,0,2,0,0,0,3,0,735,0,0,0,0,0,0,0,0,0,0,4,0,0,0,1,0,0,0,1,0,0,0,0,0,0,0,12,0,0,0,0,0,3,0,0,0,0,0,0,0,2,0,52,0,0,1,2,0,0,0,2,0,68,1,0,0,0,0,0,10,0,6,0,0,44,0,0,0,1,0,0,0,0,0,0,0,0,0,0,4,0,1,42,144,0,6,135,2,0,0,0,0,121,0,0,0,1,0,0,0,0,0,0,0,7,0,0,5,0,0,0,0,8,4,0,1
039135aaf6024bfea1b421f2275a73d3f3f48302c1bbaedc3511ed2a32311b89,0,0,0,0,0,0,0,0,0,0,0,0,49,0,0,0,0,0,0,0,0,0,5,0,17,0,0,0,6,0,0,0,0,0,0,0,0,0,0,0,0,0,0,0,0,0,0,0,96,0,0,0,0,7,51,0,0,0,1,2,0,0,0,0,1,0,0,0,0,0,0,6,2,0,0,0,0,0,1,3,0,0,24,2,43,0,0,0,3,0,0,0,0,0,23,0,0,0,1,0,0,0,0,0,0,0,0,0,0,0,2,0,1,0,0,0,0,0,1,0,0,0,0,0,0,0,0,0,0,0,0,0,1,0,1,0,0,0,0,0,0,5,1,0,0,0,0,0,0,0,16,0,0,25,0,0,5,0,1,9,0,2,0,5,0,0,4,0,0,0,0,0,6,0,0,0,0,0,0,0,0,0,0,0,0,0,0,1,0,0,0,0,0,654,0,0,0,0,0,0,0,0,0,0,2,0,0,0,0,0,0,0,0,0,0,0,0,0,0,0,1,0,0,0,0,0,0,0,0,0,0,0,0,0,1,0,0,0,0,0,0,0,0,0,2,0,0,1,0,0,0,0,0,0,0,1,0,0,0,0,0,0,1,0,0,0,0,2,0,0,0,0,3,0,0,0,3,169,0,0,1,1,0,0,0,0,19,0,0,0,1,0,0,0,0,0,0,0,1,0,0,0,0,0,0,0,6,0,0,1
041392b518dcadd99a8e07c8360ca5f11702b634b7dfff63462b20e96ea9b696,0,0,0,0,0,0,0,0,0,0,0,0,165,0,0,0,0,0,0,0,0,0,33,0,19,1,0,0,4,0,0,0,0,0,0,0,0,0,0,0,0,24,0,6,0,0,0,0,20,0,0,0,0,249,0,0,0,0,0,0,0,0,0,0,0,0,0,0,0,0,0,34,1,4,0,0,0,0,1,2,0,0,30,2,1,0,0,0,8,0,0,0,0,0,500,0,0,0,5,0,0,0,0,0,30,0,0,0,4,0,30,0,1,0,1,0,0,0,1,0,0,0,0,0,0,0,0,0,0,0,0,0,0,0,1,0,0,0,0,1,0,6,15,0,2,0,0,0,0,0,43,0,0,4,0,0,19,0,30,3,0,0,0,1,0,0,0,0,0,0,0,0,253,15,0,0,0,0,0,0,0,0,0,0,0,0,0,3,0,0,0,1,0,134,0,0,0,0,0,0,0,0,2,0,0,0,0,0,0,0,0,0,0,0,0,0,0,0,0,0,31,0,0,0,0,0,0,3,0,0,0,0,0,0,0,0,0,0,2,0,0,0,0,0,2,0,34,1,0,0,0,0,0,0,0,33,0,0,0,0,0,0,0,0,0,0,0,0,0,0,0,0,0,15,0,0,1,87,0,0,1,0,0,0,0,0,30,0,0,0,0,0,0,0,0,0,0,0,2,1,0,0,0,0,0,0,0,0,0,1
0420403c84487c3f330362a6a2fa852173b0cbfd15dc59e4df587c33da54f94a,0,0,0,0,0,0,0,0,0,0,0,0,4,0,0,0,0,0,0,0,0,0,3,0,16,0,0,0,0,0,0,0,0,0,0,0,0,0,0,0,0,0,0,0,0,0,0,1,0,0,0,0,0,4,0,0,0,0,0,0,0,0,0,0,0,0,0,0,0,0,0,0,0,1,0,0,0,0,0,0,0,0,0,0,0,0,0,0,4,0,0,0,0,0,0,0,0,0,0,0,0,0,0,0,0,0,0,0,0,0,0,0,161,0,0,0,0,0,0,0,0,0,0,0,0,0,0,0,0,0,0,0,0,0,1,0,0,0,0,0,0,1,0,0,1,0,0,0,0,0,2,0,0,0,0,0,3,0,1,0,0,4,0,0,0,0,0,0,0,0,0,0,0,0,0,0,0,0,0,0,0,0,0,0,0,0,0,1,0,0,0,0,0,0,0,0,0,0,0,0,0,0,0,8,0,0,0,0,2,0,0,0,0,48,0,0,0,0,0,0,1,0,0,0,0,0,1,0,0,0,0,0,0,0,0,0,0,0,0,0,0,0,0,0,0,0,8,0,0,0,0,0,0,0,0,1,0,0,0,0,0,0,1,0,0,0,0,0,0,0,0,0,0,0,0,0,0,58,0,0,3,0,0,0,0,0,240,0,0,0,5,0,0,0,0,0,0,0,0,2,0,0,0,0,0,0,0,0,0,1
04353a38c78c62a0520bae2cf27a334c68407ab921d4df5aaed670a841de7432,0,0,0,0,0,0,0,0,0,0,0,0,259,0,0,0,0,0,0,0,0,0,32,0,34,912,0,0,32,0,0,0,0,0,0,0,0,0,0,2,31,1,0,111,0,0,2,0,14,948,0,0,0,329,1,0,2,0,0,0,0,0,0,0,0,0,0,0,0,0,0,68,1,2,0,0,0,0,0,1,0,0,8,4,0,0,0,0,9,0,0,0,0,0,497,0,0,0,1,0,0,0,0,5,0,0,0,0,0,0,0,0,0,0,5,0,0,57,1,0,0,0,43,0,0,0,0,0,0,0,0,0,0,0,18,0,0,0,0,16,0,2,0,0,17,0,1,0,3,0,27,0,0,7,0,0,12,0,4,0,0,2,0,1,0,0,0,0,0,0,0,0,2230,0,0,0,0,0,0,0,0,0,0,0,0,0,0,2,0,0,0,8,0,79,0,0,0,0,0,0,0,0,0,0,4,0,0,0,0,200,0,0,0,0,0,0,0,0,0,0,6,0,0,0,0,0,1,0,0,0,0,0,0,0,0,0,0,0,0,0,1,0,0,0,3,0,94,2,0,0,0,0,0,7,0,2,0,0,40,0,0,0,1,0,0,0,0,0,0,0,0,0,0,4,0,0,31,192,0,3,124,0,0,0,0,0,109,1,0,0,1,0,0,0,0,0,0,0,7,0,0,5,0,0,0,0,8,4,0,1
04770379158c3aa5d4f906a5a56348b0524ab6f02425d5b23c226fe799c894ab,0,0,1,0,0,1,0,0,0,0,0,0,10,1,0,0,0,0,0,1,0,0,5,0,19,4,0,0,3,1,0,0,0,2,0,0,0,0,0,1,0,2,0,21,0,0,0,0,32,2,0,0,0,1,2,1,5,1,0,246,1,3,0,0,0,0,1,16,3,0,1,1,2,10,0,0,2,2,1,4,0,0,1,4,0,0,0,0,1,3,0,0,0,0,1,19,0,0,2,0,0,0,0,1,7,0,0,2,0,0,1,0,6,0,2,0,0,3,1,0,3,0,0,0,14,2,0,0,19,0,0,0,1,0,5,0,0,0,0,44,0,1,1,0,2,11,0,3,0,5,3,12,2,115,0,0,5,0,2,2,0,1,0,5,0,1,1,0,0,1,0,0,160,4,0,0,0,0,0,0,0,0,0,0,0,2,0,4,0,2,2,1,1,596,0,0,0,0,0,0,0,2,2,0,9,0,0,0,3,49,0,9,0,0,0,0,0,2,4,0,4,0,0,0,0,0,1,3,0,0,0,0,0,0,1,0,52,0,0,0,2,0,0,0,5,0,50,2,0,0,0,0,0,2,0,1,2,1,9,0,0,2,1,0,0,1,0,17,0,0,0,0,0,3,0,4,1,408,1,2,3,1,1,0,0,0,83,0,1,0,1,0,0,0,0,0,1,0,8,2,0,3,0,0,0,0,8,3,0,1
05044d2ec26bbbe8be2d7e38ee902afabe2f3eb99808df8eb7e8b547d5d929f6,0,0,0,0,0,0,0,0,0,0,0,0,38,0,0,0,0,0,0,0,0,0,3,0,1,257,0,0,1,1,0,0,0,0,0,0,0,0,0,0,0,4,0,2,0,0,0,0,14,1,0,0,0,15,34,0,4,0,5,45,0,0,0,0,7,0,0,1,0,0,0,7,0,1,0,0,0,0,0,8,0,0,1,3,1,0,0,0,1,0,0,0,0,0,22,0,0,0,2,0,0,0,0,0,0,0,0,0,0,0,1,0,2,0,2,0,0,10,1,0,0,0,0,0,0,0,0,0,2,0,0,0,0,0,6,0,0,0,0,10,0,2,1,0,2,0,0,0,0,3,6,0,0,38,0,0,2,0,5,0,0,0,0,14,0,0,1,0,0,0,0,0,10,0,0,0,0,0,0,0,0,0,0,0,0,0,0,43,0,0,0,1,0,5893,5,0,0,0,0,0,0,0,0,0,8,0,0,0,1,3,0,0,0,0,0,0,0,0,3,0,6,0,0,0,0,0,4,0,0,0,0,0,0,0,2,0,0,0,0,0,1,0,0,0,3,0,4,6,0,0,0,0,0,0,0,14,0,0,1,0,0,0,0,0,0,0,0,3,0,0,0,0,0,8,0,1,0,23,0,6,6,2,0,0,0,0,13,0,0,0,0,0,0,0,0,0,0,0,7,0,0,0,0,0,0,0,0,0,0,1
051890dfdefee24fb86eaa3b9c3222d1b3abcb885e60071338eb607fe77a07aa,0,0,0,0,0,0,0,0,0,0,0,0,287,0,0,0,0,1,0,0,0,0,33,0,40,146,0,0,32,0,0,0,0,0,0,0,0,0,0,7,0,0,0,111,0,0,0,0,63,0,0,4,0,340,1,0,1,0,0,20,0,0,0,0,0,0,0,0,0,0,0,52,1,1,0,0,0,0,1,1,0,0,8,2,0,0,0,0,10,0,0,0,0,3,507,0,0,0,1,0,0,0,0,5,0,0,0,0,0,0,0,0,0,0,5,0,0,14,2,0,0,0,0,0,0,0,0,0,0,0,0,0,0,0,17,0,0,0,0,3,0,2,0,0,17,0,0,1,3,0,13,0,0,7,0,0,12,0,4,0,0,1,0,89,0,0,2,0,0,0,0,0,2242,0,0,0,0,0,0,0,0,0,0,0,0,7,0,2,0,0,0,2,0,241,0,0,0,0,0,0,0,0,0,0,4,0,0,0,0,0,0,0,0,0,0,0,0,0,0,0,6,0,0,0,0,0,13,3,0,0,0,0,0,0,0,0,0,0,0,12,1,0,0,0,3,0,99,1,0,0,0,0,0,7,0,1,0,0,53,0,0,0,1,0,0,0,0,0,0,0,0,0,0,2,0,1,31,102,0,0,124,0,0,0,0,0,116,0,0,0,1,0,0,0,0,0,0,0,7,0,0,5,0,0,0,0,8,4,0,1
05348b4cabee8e52a277c62a13505de02c35c41f96cd81f49136036cfbeb93a0,0,0,0,0,0,0,0,0,0,0,0,0,95,0,0,0,0,3,0,1,0,0,20,0,52,1,0,0,7,3,0,0,0,2,0,3,0,0,0,1,0,0,0,0,0,5,0,0,1,1,0,3,0,71,2,0,1,1,0,0,0,0,0,0,0,0,0,0,0,0,0,6,0,9,0,0,1,1,2,0,0,0,2,2,0,0,0,0,17,0,1,0,0,0,69,9,0,0,0,0,1,0,0,0,2,0,0,0,0,0,15,0,6,0,1,0,0,289,0,0,0,0,0,0,4,1,0,0,56,0,0,2,1,0,4,0,0,0,0,140,0,3,1,0,3,264,0,0,0,1,11,1,2,2,0,0,13,0,1,2,0,23,0,1,0,0,6,0,0,1,0,0,62,4,6,0,0,0,0,0,0,0,0,0,1,0,0,15,0,0,0,2,0,60,1,0,0,0,0,0,0,0,0,0,2,0,0,0,1,5939,0,0,0,0,6,0,0,0,0,0,1,0,0,0,0,0,2,3,0,0,0,0,0,0,3,0,1,0,0,1,2,0,0,0,1,0,11,1,0,0,0,0,0,32,0,1,3,0,12,0,0,12,1,0,0,1,0,33,3,1,0,0,1,7,1,1,2,201,1,0,14,3,0,0,0,0,17,0,0,0,1,0,0,0,0,0,0,0,2,4,0,0,0,0,0,0,8,3,0,1
055562bb6c05d313fe87e973756c776b307e53a78e7336fa919668310e060e2d,0,0,0,0,0,0,0,0,0,0,0,0,91,0,0,0,0,0,0,0,0,0,67,0,11,1,0,0,1,0,0,0,0,0,0,0,0,3,0,0,56,0,0,0,0,0,0,0,99,0,0,0,0,15,0,0,0,0,0,0,0,0,0,0,1,0,0,0,0,0,0,2,1,2,0,0,0,0,0,4,0,0,62,2,5,0,0,0,1,0,0,0,0,0,15,0,0,0,2,0,0,0,3,0,0,0,0,0,0,0,0,0,1,0,0,0,0,0,2,0,0,0,0,0,0,0,0,0,0,0,0,0,0,0,2,0,0,0,0,0,0,1,2,0,1,0,0,0,0,0,7,0,0,62,0,0,109,0,1,0,0,0,0,2,0,0,0,0,0,0,0,0,13,0,0,0,0,0,0,0,0,0,0,0,0,0,0,0,0,0,0,0,0,784,0,0,0,0,0,0,0,0,0,0,0,0,0,0,0,0,0,0,0,0,0,0,0,0,0,0,1,0,0,0,0,0,1,0,0,0,0,0,0,0,0,0,52,0,0,0,0,0,0,0,1,0,2,0,0,0,0,0,0,0,0,0,0,0,0,0,0,0,0,0,0,0,0,0,0,0,0,0,0,4,0,0,1,33,0,0,0,0,0,0,0,0,20,0,0,0,0,0,0,0,0,0,0,0,2,0,0,0,0,0,0,0,0,0,0,1
057315e3e8df1277fff4154f8d76e000a55d73ae3716dd1803faba9efc4ba393,0,0,0,0,0,0,0,0,0,0,0,0,9,0,0,0,0,0,0,0,0,0,1,0,0,9,0,0,0,0,0,0,0,0,0,0,0,0,0,0,0,0,0,0,0,0,1,0,0,2,0,0,0,0,0,0,0,0,0,0,0,0,0,0,0,0,0,0,0,0,0,2,0,1,0,0,0,0,0,0,0,0,0,0,0,0,0,0,0,0,0,0,0,0,0,0,0,0,0,12,0,0,0,0,0,0,0,0,0,0,0,0,0,0,0,0,0,0,0,0,0,0,0,0,0,0,0,0,0,0,0,0,0,0,0,0,0,0,0,8,0,0,0,0,0,0,0,0,0,0,2,0,0,0,0,0,1,0,0,0,0,0,0,5,0,0,0,0,0,0,0,0,0,0,0,0,0,0,0,0,0,0,0,0,0,0,0,0,0,0,0,0,0,0,0,0,0,0,0,0,0,0,0,0,0,0,0,0,0,0,0,0,0,0,0,0,0,0,0,0,0,0,0,0,0,0,1,3,0,0,0,0,0,0,0,0,0,0,0,0,0,0,0,0,0,0,2,0,0,0,0,0,0,0,0,0,0,0,0,0,0,0,0,0,0,0,0,0,0,0,0,0,0,0,0,0,0,0,0,0,0,0,0,0,0,0,6,0,0,0,0,0,0,0,0,0,0,0,0,0,0,0,0,0,0,0,0,0,0,1
05737f2f2014f713bcd65c6794bc397376b7aec80c96977a2012a8f99e3add34,0,0,0,0,0,0,0,0,0,0,0,0,92,0,0,0,0,0,0,0,0,0,5,0,9,1326,0,0,32,0,0,0,0,0,0,0,0,0,0,0,0,3,0,0,0,0,0,0,15,1274,0,0,0,2,0,0,0,3,0,0,0,0,0,0,0,0,0,0,0,0,0,19,2,2,0,0,0,0,0,14,0,0,4,2,0,0,0,0,1,0,0,0,0,0,5,0,0,0,0,0,0,0,1,0,0,0,0,0,0,0,0,0,1,0,1,0,0,0,0,0,0,0,0,0,0,0,0,0,0,0,0,0,0,0,1,0,0,0,0,20,0,0,1,0,0,0,0,0,1,0,3,0,0,4,0,0,4,0,3,0,0,0,0,24,0,0,0,0,0,0,0,0,2,0,0,0,0,0,0,0,0,0,0,0,0,0,0,0,0,0,0,7,0,33,0,0,0,0,0,0,0,0,0,0,0,0,0,0,1,0,0,0,0,0,0,0,0,0,0,0,5,0,0,0,0,0,0,0,0,0,0,1,0,0,1,0,0,0,0,0,0,0,0,0,1,0,50,1,0,0,0,0,0,0,0,2,6,0,0,0,0,0,0,0,0,0,0,0,0,0,0,0,0,9,0,0,35,35,0,0,0,1,0,0,0,0,89,0,0,0,0,0,0,0,0,0,0,0,1,1,0,0,0,0,0,0,0,0,0,1
05764eb47b5cb8ec8ddbc213a9cee7531c5df405a61cac28353c957d654b95d9,0,0,0,0,0,0,0,0,0,0,0,0,105,0,0,0,0,0,0,0,0,0,10,0,5,0,0,0,5,0,0,0,0,0,0,0,0,20,0,0,5,0,0,0,0,0,0,0,16,0,0,0,0,7,0,0,0,0,0,0,0,0,0,0,0,0,0,0,0,0,0,1,0,0,0,0,0,0,0,6,0,0,6,2,1,0,0,0,8,3,3,0,0,0,4,0,0,0,3,0,0,0,3,0,0,0,0,0,0,0,2,0,0,0,0,0,0,78,0,0,0,0,78,0,0,0,0,0,0,0,0,0,0,0,1,0,0,0,0,0,0,0,0,0,0,0,2,4,0,0,5,0,0,7,0,0,6,0,1,0,0,0,0,3,0,0,5,0,0,0,0,0,3,0,0,0,0,0,0,0,0,0,0,0,0,0,0,0,0,0,0,0,0,120,0,0,0,0,0,2,0,0,0,0,0,0,0,0,0,0,0,0,0,0,0,0,0,0,0,0,1,0,0,0,0,0,4,0,0,0,0,0,0,0,0,0,0,0,0,0,0,0,0,0,2,0,1,1,0,0,0,0,0,0,0,0,0,0,0,0,0,0,0,0,0,0,0,0,0,0,0,0,0,0,0,0,0,22,0,0,2,0,0,0,0,0,25,2,0,0,0,0,0,0,0,0,0,0,1,1,0,0,0,0,0,0,0,0,0,1
06393def0dc2fbe0833217ccf7c8dd226a1a698807dbee765d97f924f43efd00,0,0,0,0,0,0,0,0,0,0,0,0,40,0,0,0,0,0,0,0,0,0,3,0,4,18,0,0,1,0,0,0,0,0,0,0,0,0,0,0,0,4,0,2,0,0,0,0,24,1,0,0,0,15,51,0,2,0,19,99,0,0,0,0,8,0,0,1,0,0,0,9,0,1,0,0,0,0,0,6,0,0,5,4,5,0,0,0,3,0,0,0,0,0,26,0,0,0,1,0,0,0,0,0,0,0,0,0,0,0,1,0,1,0,1,0,0,10,1,0,0,0,0,0,0,0,0,0,4,0,0,0,0,0,6,0,0,0,0,7,0,1,1,0,2,0,0,0,0,0,18,0,0,4,0,0,109,0,10,0,0,0,0,14,0,0,0,0,0,0,0,0,10,0,0,0,0,0,0,0,0,0,0,0,0,0,0,7,0,0,0,9,0,534,11,0,0,0,0,0,0,0,0,0,8,0,0,0,1,3,0,0,0,0,0,0,0,0,3,0,19,0,0,0,0,0,3,0,0,0,0,0,0,0,3,0,52,0,0,0,1,0,0,0,1,0,6,9,0,0,0,0,0,0,0,14,0,0,1,0,0,0,0,0,0,0,0,0,0,0,0,0,0,8,0,1,1,56,0,6,17,3,0,0,0,0,27,0,0,0,0,0,0,0,0,0,0,0,1,0,0,0,0,0,0,0,0,0,0,1
06502a5e19d58acc11ed68b583f89c2115f812181ca6cd36b503f2e0da720265,0,0,0,0,0,0,0,0,0,0,0,0,9,0,0,0,0,0,0,0,0,0,1,0,0,0,0,0,0,0,0,0,0,0,0,0,0,0,0,0,0,0,0,0,0,0,0,0,0,0,0,0,0,0,0,0,0,0,0,0,0,0,0,0,0,0,0,0,0,0,0,0,0,2,0,0,0,0,0,0,0,0,0,0,0,0,0,0,0,0,0,0,0,0,0,0,0,0,0,0,0,0,0,0,0,0,0,0,0,0,0,0,0,0,0,0,0,0,0,0,0,0,0,0,0,0,0,0,0,0,0,0,0,0,0,0,0,0,0,0,0,0,0,0,0,0,0,0,0,0,2,0,0,0,0,0,1,0,0,0,0,0,0,0,0,0,0,0,0,0,0,0,0,0,0,0,0,0,0,0,0,0,0,0,0,0,0,0,0,0,0,0,0,0,0,0,0,0,0,0,0,0,0,0,0,0,0,0,0,0,0,0,0,0,0,0,0,0,0,0,0,0,0,0,0,0,0,3,0,0,0,0,0,0,0,0,0,0,0,0,0,0,0,0,0,0,0,0,0,0,0,0,0,0,0,0,0,0,0,0,0,0,0,0,0,0,0,0,0,0,0,0,0,0,0,0,0,1,0,0,0,0,0,0,0,0,0,0,0,0,0,0,0,0,0,0,0,0,0,0,0,0,0,0,0,0,0,0,0,1
065919394f22fdd63745cefc5e851b3dd0b2ae731ecb1996a61788b156875726,0,0,0,0,0,0,0,0,0,0,0,0,232,0,0,0,0,1,0,0,0,0,33,0,29,140,0,0,32,0,0,0,0,0,0,0,0,0,0,2,0,1,0,111,0,0,1,0,53,1,0,4,0,340,1,0,2,0,0,22,0,0,0,0,0,0,0,0,0,0,0,55,1,1,0,0,0,0,1,1,0,0,11,4,0,0,0,0,5,0,0,0,0,0,508,0,0,0,1,0,0,0,0,5,0,0,0,0,0,0,0,0,0,0,5,0,0,14,2,0,0,0,0,0,0,0,0,0,0,0,0,0,0,0,18,0,0,0,0,4,0,2,0,0,16,0,0,0,3,0,8,0,0,14,0,0,12,0,5,0,0,1,0,16,0,0,0,0,0,0,0,0,2243,0,0,0,0,0,0,0,0,0,0,0,0,0,0,2,0,0,0,8,0,282,0,0,0,0,0,0,0,0,0,0,4,0,0,0,0,0,0,0,0,0,0,0,0,0,0,0,7,0,0,0,0,0,14,3,0,0,0,0,0,0,0,0,0,0,0,0,1,0,0,0,3,0,94,2,0,0,0,0,0,7,0,2,0,0,41,0,0,0,1,0,0,0,0,0,0,0,0,0,0,2,0,1,31,93,0,0,123,0,0,0,0,0,109,0,0,0,1,0,0,0,0,0,0,0,7,0,0,5,0,0,0,0,8,4,0,1
069446588cdd7c140d87cac8344fa487a932119d3e5ff8d236ca89f980d6e952,0,0,0,0,0,0,0,0,0,0,0,0,89,0,0,0,0,0,0,0,0,0,68,0,12,1,0,0,1,0,0,0,0,0,0,0,0,0,0,0,0,0,0,0,0,0,0,0,14,0,0,0,0,2,0,0,0,0,0,0,0,0,0,0,0,0,0,0,0,0,0,1,0,0,0,0,0,0,0,0,0,0,15,2,1,0,0,0,0,0,0,0,0,0,5,0,0,0,1,0,0,0,0,0,0,0,0,0,0,0,0,0,0,0,1,0,0,0,0,0,0,0,0,0,0,0,0,0,0,0,0,0,0,0,1,0,0,0,0,0,0,0,0,0,0,0,0,0,0,1,18,0,0,17,0,0,111,0,1,0,0,0,0,0,0,0,0,0,0,0,0,0,3,0,1,0,0,0,0,0,0,0,0,0,0,0,0,0,0,0,0,0,0,87,0,0,0,0,0,0,0,0,0,0,0,0,0,0,1,0,0,0,0,0,0,0,0,0,0,0,3,0,0,0,0,0,0,0,0,0,0,0,0,0,0,0,52,0,0,0,0,0,0,0,2,0,5,1,0,0,0,0,0,0,0,1,0,0,0,0,0,0,0,0,0,0,0,0,0,0,0,0,0,0,0,0,1,68,0,0,2,0,0,0,0,0,27,0,0,0,0,0,0,0,0,0,0,0,1,1,0,0,0,0,0,0,0,0,0,1
0705321d5c2510865a597eb79855261d7f053b7702e35b5db99ef8c3c0d36468,0,0,0,0,0,0,0,0,0,0,0,0,386,0,0,0,0,0,0,0,0,0,1,0,0,0,0,0,2,0,0,0,0,0,0,0,0,0,0,0,0,0,0,0,0,0,0,0,0,0,0,0,0,0,0,0,0,0,0,0,0,0,0,0,0,0,0,0,0,0,0,0,0,1,0,1,0,0,0,0,0,0,0,0,0,0,0,0,0,0,0,0,0,0,0,0,0,0,0,1,0,0,0,0,0,0,0,0,0,0,0,0,0,0,0,0,0,0,0,0,0,0,0,0,0,0,0,0,0,0,0,0,0,0,0,0,0,0,0,0,0,0,0,0,0,0,0,0,0,0,4,0,0,0,0,0,1,0,0,0,0,0,0,391,0,0,0,0,0,0,0,0,0,0,0,0,0,0,0,0,0,0,0,0,0,0,0,0,0,0,0,0,0,0,0,0,0,0,0,0,0,0,0,0,0,0,0,0,0,0,0,0,0,0,0,0,0,0,0,0,0,0,0,0,0,0,11,3,0,0,0,0,0,0,0,0,0,0,0,0,0,0,0,0,0,0,0,0,0,0,0,0,0,0,0,0,0,0,2,0,0,0,0,0,0,0,0,0,0,0,0,0,0,0,0,0,1,0,1,0,1,0,0,0,0,0,17,0,0,0,0,0,0,0,0,0,0,0,0,2,0,0,0,0,0,0,0,0,0,1
0712154cf2e5346644134b386a778e24a015ada7f9e45cd1ba1ed78f2c923062,0,0,0,0,0,0,0,0,0,0,0,0,53,0,0,0,0,0,0,1,0,0,32,0,7,1155,0,1,39,24,0,0,0,0,0,1,0,0,0,2,0,0,0,2,0,0,44,7,0,4,0,0,0,8,1,0,2,0,200,0,0,0,0,0,0,0,0,0,0,0,0,7,1,1,0,0,0,12,4,4,0,0,4,0,0,0,0,0,3,0,0,0,0,0,23,0,0,0,2,0,0,0,0,5,0,0,4,0,0,0,2,0,4,160,1,0,0,23,2,0,0,0,84,0,0,1,0,0,70,0,0,1,2,0,5,0,0,0,0,155,0,1,2,0,5,0,2,0,0,36,19,4,0,2,0,0,236,1,7,2,0,1,0,18,0,0,3,0,0,1,0,0,22,0,0,0,0,0,0,0,0,0,0,0,0,0,0,38,0,0,0,15,0,2,0,0,0,0,0,0,0,0,0,176,18,0,0,0,0,0,0,0,0,55,0,0,0,0,5,0,28,0,0,0,0,0,3,0,0,0,0,1,0,0,2,0,0,0,0,0,1,0,0,0,1,0,149,0,0,0,0,0,0,7,0,26,1,0,40,0,0,0,1,0,0,0,0,0,2,0,0,0,0,4,0,2,32,45,1,0,4,10,0,0,0,0,4,2,0,0,1,0,0,0,0,0,0,0,1,1,0,5,0,0,0,0,8,4,0,1
07322e9c25a9bd122592f26388f0e120931fcdf72258cce374e0e84df88342b9,0,0,0,0,0,0,0,0,0,0,0,0,33,0,0,0,0,0,0,0,0,0,4,0,11,220,0,0,8,0,0,0,0,0,0,0,0,0,0,0,0,0,0,0,0,0,1,0,33,33,0,0,0,7,0,0,1,3,0,0,0,0,0,0,0,0,0,0,0,0,0,3,1,2,0,0,0,0,2,0,0,0,16,2,0,0,0,0,1,0,0,0,0,0,12,0,0,0,2,0,0,0,30,0,0,0,0,0,0,0,1,0,0,0,1,0,0,0,0,0,0,0,0,0,1,0,0,0,0,0,0,0,0,0,1,0,0,0,0,5,0,0,14,0,1,1,0,0,0,0,18,0,0,4,0,0,2,0,1,0,0,2,0,10,0,0,0,0,0,0,0,0,3,0,0,0,0,0,0,0,0,0,0,0,0,1,0,0,0,0,0,1,0,200,0,0,0,2,0,0,0,0,0,0,1,1,0,0,1,0,0,0,0,0,0,0,0,0,0,0,3,0,0,0,0,0,5,0,0,0,0,0,0,0,0,0,0,0,0,3,0,0,0,0,1,0,7,2,0,0,0,0,0,0,0,0,1,0,0,0,0,0,0,0,0,0,0,0,0,0,0,0,0,0,0,1,2,54,2,6,1,0,0,0,0,0,18,0,0,0,0,0,0,0,0,0,0,0,2,0,0,0,0,0,0,0,0,0,0,1
07371edcf6af353298f12ec3a251639e1de8dcf0ce78031df2a87d66c9194cc4,0,0,1,0,0,1,0,0,0,0,0,0,68,1,0,0,0,0,0,1,0,0,3,0,22,4,0,0,2,4,0,0,0,10,0,0,0,0,0,1,0,2,0,1,0,0,18,0,24,58,0,0,0,11,133,1,5,1,0,246,1,1,0,0,0,0,1,14,3,0,1,7,1,2,0,0,2,2,1,17,0,0,5,6,0,0,0,0,1,3,0,0,0,0,13,19,0,0,2,0,0,0,0,11,7,0,0,2,0,0,5,0,7,0,14,0,0,3,2,0,3,0,0,0,14,2,0,0,1,0,0,0,1,0,2,0,0,0,0,40,0,1,5,0,2,9,0,3,0,1,15,1,2,68,0,0,5,0,19,2,0,1,0,11,0,1,35,0,0,1,0,0,9,1,0,0,0,0,0,0,0,0,0,0,0,2,0,13,0,2,2,1,1,856,0,0,0,0,0,0,0,2,2,0,2,0,0,0,1,39,0,9,0,0,0,0,0,2,4,0,41,0,0,0,0,0,16,3,0,0,0,0,0,0,1,0,52,0,0,0,1,0,0,0,6,0,2,2,0,0,0,0,0,2,0,1,2,1,19,0,0,2,1,0,0,0,0,26,0,0,0,0,0,3,0,2,12,422,1,7,60,1,1,0,0,0,3,0,1,0,1,0,0,0,0,0,1,0,8,2,0,3,0,0,0,0,8,4,0,1
075473716f03506357136c8e1f127200ea7c53b51806d5ea8850edc7e26e7983,0,0,0,0,0,0,0,0,0,0,0,0,502,0,0,0,0,0,0,0,0,0,95,0,34,1027,0,0,105,0,0,0,0,0,0,0,0,0,0,2,0,2,0,111,0,0,3,0,46,37,0,0,0,330,1,0,3,9,0,1,0,0,0,0,0,0,0,0,0,0,0,91,1,7,0,0,0,0,0,1,0,0,12,2,0,0,0,0,9,0,0,0,0,1,494,0,0,0,2,0,0,0,0,5,0,0,0,0,0,0,0,0,0,0,5,0,0,143,1,0,0,0,0,0,0,0,0,0,0,0,0,0,0,0,17,0,0,0,0,8,0,2,0,0,16,0,0,0,3,0,22,0,0,11,0,0,119,0,5,0,0,4,0,1,0,0,0,0,0,0,0,0,2229,0,0,0,0,0,0,0,0,0,0,0,0,0,0,2,0,0,0,8,0,177,0,0,0,0,0,0,0,0,0,0,4,0,0,0,0,5721,0,0,0,0,0,0,0,0,0,0,7,0,0,0,0,0,23,0,0,0,0,0,0,0,0,0,52,0,0,0,1,0,0,0,3,0,193,1,0,0,0,0,0,7,0,4,27,0,40,0,0,0,1,0,0,0,0,0,0,0,0,0,0,0,0,0,131,116,0,1,126,0,0,0,0,0,317,0,0,0,7,0,0,0,0,0,0,0,7,0,0,5,0,0,0,0,8,4,0,1
08561aabaf626dcd077583d177b37f8cc0ae599628e1b0982f435c0fd2643e6a,0,0,0,0,0,0,0,0,0,0,0,0,54,0,0,0,0,0,0,0,0,0,4,0,9,6,0,0,1,0,0,0,0,0,0,0,0,0,0,0,58,0,0,0,0,0,0,0,17,0,0,0,0,2,0,0,1,0,0,0,0,0,0,0,2,0,0,0,0,0,0,7,0,1,0,0,0,0,0,7,0,0,18,2,0,0,0,0,0,0,0,0,0,0,4,0,0,0,0,0,0,0,0,0,0,0,0,0,0,0,0,0,0,1,0,0,0,0,0,0,0,0,0,0,0,0,0,0,0,0,0,0,0,0,2,0,0,0,0,4,0,0,0,0,2,0,0,0,0,0,14,0,0,22,0,0,4,0,4,0,0,0,0,0,0,0,0,0,0,0,0,0,2,0,0,0,0,0,0,0,0,0,0,0,0,0,0,0,0,0,0,0,0,96,0,0,0,0,0,0,0,0,0,0,0,0,0,0,0,0,0,0,0,0,0,1,0,0,0,0,4,0,0,0,0,0,2,3,0,0,0,0,0,0,0,0,0,0,0,1,1,0,0,0,1,0,3,0,0,0,0,0,0,0,0,4,0,0,0,0,0,0,0,0,0,0,0,0,0,0,0,0,0,2,0,0,0,75,0,0,2,0,0,0,0,0,11,0,0,0,0,0,0,0,0,0,0,0,1,0,0,0,0,0,0,0,0,0,0,1
08565fe3a18e051f9f557c219a51844dbac4a6dee9076eb8ecfed2a3137a3fe8,0,0,0,0,0,0,0,0,0,0,0,0,29,0,0,0,0,3,0,5,0,0,20,0,7,1,0,0,1,1,0,0,0,2,0,0,0,0,0,0,0,0,0,23,0,5,6,0,95,27,0,3,0,11,23,0,1,1,1,0,0,0,0,0,0,0,0,0,0,0,1,4,1,1,0,0,0,0,2,15,0,0,14,2,0,0,0,0,11,45,1,0,0,0,1,18,0,0,2,0,0,0,35,1,3,0,0,0,0,0,0,0,1,0,2,0,0,1,1,0,0,0,0,0,4,0,0,0,4,0,0,0,0,0,3,0,0,0,0,44,0,2,18,0,7,1,0,1,0,3,17,8,1,55,0,0,8,0,1,1,0,3,0,1,0,0,22,0,0,0,0,0,1,7,1,0,0,2,0,0,0,0,0,0,0,2,0,7,0,0,0,1,1,361,0,0,0,2,0,0,0,0,0,0,2,0,0,0,1,2,0,1,0,0,0,0,1,0,0,0,1,0,0,0,0,0,9,3,0,0,5,4,0,0,12,0,1,0,0,1,1,0,0,0,2,0,6,2,0,0,0,0,0,44,1,21,18,0,2,0,1,0,1,0,0,1,0,0,32,0,0,0,1,14,1,1,5,183,0,2,2,12,0,0,0,0,6,0,0,0,1,0,0,0,0,0,0,0,1,1,0,0,0,0,0,0,8,4,0,1
088012fef42ff6d8bc04c324a98e4fe362ebf01f997cfc304372cbaeb514063c,0,0,0,0,0,0,0,0,0,0,0,0,5,0,0,0,0,0,0,0,0,0,2,0,26,0,0,0,0,0,0,0,0,0,0,0,0,0,0,0,0,0,0,0,0,0,0,0,0,0,0,0,0,3,0,0,0,3,0,0,0,0,0,0,0,0,0,0,0,0,0,0,0,0,0,0,0,0,0,0,0,0,0,0,0,0,0,0,2,0,0,0,0,0,2,0,0,0,0,0,0,0,0,0,0,0,0,0,0,0,0,0,1,0,0,0,0,0,0,0,0,0,0,0,0,0,0,0,0,0,0,0,0,0,0,0,0,0,0,0,0,0,0,0,0,0,0,0,0,0,2,0,0,0,0,0,2,0,0,0,0,2,0,0,0,0,0,0,0,0,0,0,1,0,0,0,0,0,0,0,0,0,0,0,0,0,0,0,0,0,0,0,0,0,0,0,0,0,0,0,0,0,0,0,0,0,0,0,0,0,0,0,0,0,0,0,0,0,0,0,0,0,0,0,0,0,0,0,0,0,0,0,0,0,18,0,0,0,0,0,0,0,0,0,39,0,2,0,0,0,0,0,0,0,0,0,0,0,0,0,0,0,0,0,0,0,0,0,0,0,0,0,0,0,0,0,0,689,0,0,3,0,0,0,0,0,8,0,0,0,0,0,0,0,0,0,0,0,0,2,0,0,0,0,0,0,0,0,0,1
09725f3dc2227a183875c0eea8864d0f849a85a21e9f5117e61e91385f258461,0,0,0,0,0,0,0,0,0,0,0,0,81,0,0,0,0,0,0,1,0,0,2,0,8,153,0,0,7,3,0,0,0,0,0,0,0,0,0,1,0,0,0,0,0,0,0,0,1,83,0,0,0,16,0,0,0,0,0,0,0,0,0,0,0,0,0,0,0,0,0,75,0,2,0,0,0,0,3,0,0,0,1,2,0,0,0,0,3,0,0,0,0,0,31,0,0,0,0,0,0,0,0,0,0,0,0,0,0,0,1,0,2,0,0,0,0,289,0,0,0,0,0,0,0,0,0,0,1,0,0,0,1,0,1,0,0,0,0,140,0,5,1,0,0,0,0,0,0,1,1,1,0,10,0,0,2,0,2,0,0,2,0,0,0,0,1,0,0,1,0,0,12,0,0,0,0,0,0,0,0,0,0,0,1,0,0,1,0,0,0,2,0,58,0,0,0,0,0,0,0,0,0,0,2,0,0,0,1,5940,0,0,0,0,0,0,0,0,0,0,2,0,0,0,0,0,2,0,0,0,0,0,0,0,3,0,0,0,0,0,0,0,0,0,2,0,3,1,0,0,0,0,0,55,0,1,3,0,12,0,0,0,1,0,0,0,0,0,3,0,0,0,0,1,0,1,2,11,0,0,1,3,0,0,0,0,5,0,0,0,7,0,0,0,0,0,0,0,1,1,0,0,0,0,0,0,0,0,0,1
0987144f4c8128c5e35601a43ec477a55135856f19d9b51d3c3765a3e66a1967,0,0,0,0,0,0,0,0,0,0,0,0,287,0,0,0,0,0,0,0,0,0,95,0,35,283,0,0,39,0,0,0,0,0,0,0,0,0,0,2,0,2,0,111,0,0,4,0,35,34,0,0,0,335,1,0,3,0,0,1,0,0,0,0,0,0,0,0,0,0,0,70,1,2,0,0,0,0,0,1,0,0,12,2,0,0,0,0,10,0,0,0,0,1,494,0,0,0,2,0,0,0,0,5,0,0,0,0,0,0,0,0,0,0,5,0,0,14,1,0,0,0,0,0,8,0,0,0,0,0,0,0,0,0,17,0,0,0,0,12,0,2,0,0,16,8,0,0,3,0,29,0,0,11,0,0,119,0,5,0,0,1,0,4,0,0,1,0,0,0,0,0,2229,0,0,0,0,0,0,0,0,0,0,0,0,0,0,2,0,0,0,12,0,142,0,0,0,0,0,0,0,0,0,0,4,0,0,0,0,0,0,0,0,0,0,0,0,0,0,0,7,0,0,0,0,0,1,0,0,0,0,0,0,0,0,0,52,0,0,6,1,0,0,0,3,0,111,1,0,0,0,0,0,7,0,4,0,0,46,0,0,0,1,0,0,0,0,0,0,0,0,0,0,0,0,0,33,106,0,1,123,0,0,0,0,0,127,0,0,0,1,0,0,0,0,0,0,0,7,0,0,5,0,0,0,0,8,4,0,1
1010090d8e6674b0e09be293a3f32d62b3cb54f8d91ab89801344f9491560c93,0,0,0,0,0,0,0,0,0,0,0,0,2,0,0,0,0,0,0,0,0,0,11,0,47,17,0,0,0,0,0,0,0,0,0,1,0,0,0,0,88,4,0,2,0,0,1,0,2,5,0,0,0,56,0,0,2,0,13,40,0,0,0,0,3,0,0,1,0,0,0,11,0,1,0,0,0,0,0,17,0,0,2,3,3,0,0,0,14,0,0,0,0,0,3,0,0,0,2,0,0,0,9,0,0,0,0,0,0,0,4,0,1,1,1,0,0,17,0,0,0,0,0,0,0,0,0,0,0,0,0,0,1,0,5,0,0,0,0,10,0,1,5,0,2,0,0,0,0,4,13,0,0,2,0,0,7,0,10,0,0,11,0,1,0,0,0,0,0,1,0,0,134,0,0,0,0,0,0,0,0,0,0,0,0,0,0,2,0,0,0,9,0,141,9,0,0,0,0,0,0,0,0,0,10,0,0,0,1,0,0,0,1,0,0,0,0,0,2,0,19,0,0,0,0,0,26,0,0,0,0,0,0,0,2,0,0,0,0,2,1,0,0,0,1,0,9,17,0,0,0,0,0,0,0,14,0,0,1,0,0,0,1,0,0,0,0,0,0,0,0,0,0,8,0,1,0,257,0,6,13,2,0,0,0,0,56,0,0,0,5,0,0,0,0,0,0,0,1,0,0,0,0,0,0,0,0,0,0,1
10471b9c4c40c9955966ac87acda489a2d187cd980fd4892564f48c39356fc42,0,0,0,0,0,0,0,0,0,0,0,0,101,0,0,0,0,0,0,0,0,0,29,0,18,1,0,0,4,0,0,0,0,0,0,0,0,0,0,0,0,24,0,6,0,0,0,0,13,0,0,0,0,246,0,0,0,0,0,0,0,0,0,0,0,0,0,0,0,0,0,34,1,2,0,0,0,0,1,2,0,0,30,2,1,0,0,0,8,0,0,0,0,0,499,0,0,0,5,0,0,0,0,0,30,0,0,0,4,0,30,0,1,0,1,0,0,0,1,0,0,0,0,0,0,0,0,0,0,0,0,0,0,0,1,0,0,0,0,1,0,6,15,0,0,0,0,0,0,0,39,0,0,4,0,0,15,0,30,3,0,0,0,1,0,0,0,0,0,0,0,0,253,15,0,0,0,0,0,0,0,0,0,0,0,0,0,3,0,0,0,1,0,94,0,0,0,0,0,0,0,0,2,0,0,0,0,0,0,0,0,0,0,0,0,0,0,0,0,0,31,0,0,0,0,0,0,0,0,0,0,0,0,0,0,0,0,0,0,0,0,0,0,0,2,0,2,1,0,0,0,0,0,0,0,28,0,0,0,0,0,0,0,0,0,0,0,0,0,0,0,0,0,15,0,0,1,83,0,0,1,0,0,0,0,0,23,0,0,0,0,0,0,0,0,0,0,0,2,1,0,0,0,0,0,0,0,0,0,1
10564f79b414ff096c3b28ece681f81de24de10dbf6fb437e8e75b8b0d211b6e,0,0,0,0,0,0,0,0,0,0,0,0,244,0,0,0,0,0,0,0,0,0,61,0,100,506,0,0,2,20,0,0,0,2,0,3,0,0,0,0,0,0,0,0,0,0,49,0,0,214,0,0,0,245,168,0,11,8,0,0,0,0,0,0,0,0,0,50,0,0,0,91,2,8,0,0,1,1,10,67,0,0,2,5,1,0,0,0,157,118,0,0,0,0,154,24,0,0,5,0,0,7,0,1,149,0,0,0,18,0,0,0,87,0,4,13,0,3,0,0,0,0,0,0,0,1,0,0,0,0,0,0,4,0,9,0,0,0,0,4,0,2,0,4,3,0,0,0,0,2,148,0,0,5,9,0,41,0,24,0,0,18,0,13,0,0,4,0,0,0,0,0,207,83,0,0,0,0,0,0,0,0,0,0,676,0,0,2,0,0,0,52,0,5,3,1,0,0,0,0,0,0,0,0,6,0,0,0,1,0,0,0,0,0,2,0,0,0,0,0,30,0,0,0,0,0,29,0,0,0,1,0,37,0,1,0,0,0,0,0,0,0,0,0,15,0,30,0,0,0,0,0,0,18,3,20,4,0,0,0,3,4,0,0,0,1,0,16,0,0,0,0,0,6,0,1,0,473,0,13,14,1,0,0,0,0,556,0,0,0,0,0,0,0,0,2,0,0,5,2,0,0,0,0,1,0,0,0,0,1
106398ccd892e67fe18af29d3f639d4577a2db62eb1ff4b6eecdc0292871c115,0,0,0,0,0,0,0,0,0,0,0,0,266,0,0,0,0,0,0,0,0,0,33,0,40,277,0,0,32,0,0,0,0,0,0,0,0,0,0,5,0,0,0,111,0,0,0,0,17,3,0,0,0,351,1,0,1,0,0,0,0,0,0,0,0,0,0,0,0,0,0,57,1,8,0,0,0,0,0,1,0,0,5,2,0,0,0,0,7,0,0,0,0,0,495,0,0,0,1,0,0,0,0,5,0,0,0,0,0,0,0,0,0,0,5,0,0,14,1,0,0,0,0,0,0,0,0,0,0,0,0,0,0,0,17,0,0,0,0,5,0,3,0,0,18,0,0,0,0,0,24,0,0,11,0,0,13,0,5,0,0,1,0,9,0,0,0,0,0,0,0,0,2229,0,0,0,0,0,0,0,0,0,0,0,0,1,0,2,0,0,0,8,0,86,0,0,0,0,0,0,0,0,0,0,4,0,0,0,0,0,0,0,0,0,0,0,0,0,0,0,7,0,0,0,0,0,4,3,0,0,0,0,0,0,0,0,0,0,0,11,2,0,0,0,3,0,103,3,0,0,0,0,0,7,0,10,0,0,42,0,0,0,1,0,0,0,0,0,0,0,0,0,0,4,0,0,31,102,0,3,124,0,0,0,0,0,111,0,0,0,1,0,0,0,0,0,0,0,7,0,0,5,0,0,0,0,8,4,0,1
11029833f9c3c974c5359205af85e9c5ca99dc94501b5659e5a4cc65712de915,0,0,0,0,0,0,0,0,0,0,0,0,33,0,0,0,0,0,0,0,0,0,3,0,1,0,0,0,0,0,0,0,0,0,0,0,0,0,0,0,0,0,0,0,0,0,0,0,0,0,0,0,0,0,0,0,0,0,0,0,0,0,0,0,0,0,0,0,0,0,0,0,0,1,0,0,0,0,1,2,0,0,0,0,1,0,0,0,3,0,0,0,0,0,0,0,0,0,3,0,0,0,1,0,0,0,0,0,0,0,0,0,0,0,0,0,0,0,0,0,0,0,0,0,0,0,0,0,0,0,0,0,0,0,1,0,0,0,0,0,0,0,0,0,1,0,0,0,0,0,17,0,0,2,0,0,3,0,0,0,0,0,0,0,0,0,0,0,0,0,0,0,0,0,0,0,0,0,0,0,0,0,0,0,0,0,0,0,0,0,0,0,0,7,1,0,0,0,0,3,0,0,0,0,0,0,0,0,0,0,0,0,0,0,0,0,0,0,0,0,0,0,0,0,0,0,0,3,0,0,0,0,0,0,0,0,0,0,3,0,0,0,0,0,0,0,2,0,0,0,0,0,0,0,0,2,0,0,0,0,0,0,0,0,0,0,0,0,0,0,0,0,0,0,0,0,0,22,0,0,1,0,0,0,0,0,8,0,0,0,0,0,0,0,0,0,0,0,0,2,0,0,0,0,0,0,0,0,0,1
11264cb0bd5d5e1f0f2e158bde2b2b8c3c5d2c6307c396d32e01a08593509ed6,0,0,0,0,0,0,0,0,0,0,0,0,29,0,0,0,0,0,0,0,0,0,1,0,2,0,0,0,0,0,0,0,0,0,0,0,0,0,0,0,0,0,0,0,0,0,0,0,0,0,0,0,0,0,0,0,0,0,0,0,0,0,0,0,0,0,0,0,0,0,0,0,0,1,0,0,0,0,0,0,0,0,0,0,1,0,0,0,0,0,0,0,0,0,0,0,0,0,0,0,0,0,0,0,0,0,0,0,0,0,0,0,0,0,0,0,0,0,0,0,0,0,0,0,0,0,0,0,0,0,0,0,0,0,0,0,0,0,0,0,0,0,0,0,0,0,0,0,0,0,12,0,0,0,0,0,1,0,0,0,0,0,0,0,0,0,0,0,0,0,0,0,0,0,0,0,0,0,0,0,0,0,0,0,0,0,0,0,0,0,0,0,0,4,0,0,0,0,0,0,0,0,0,0,0,0,0,0,0,0,0,0,0,0,0,1,0,0,0,0,0,0,0,0,0,0,0,3,0,0,0,0,0,0,0,0,0,0,0,0,0,0,0,0,0,0,5,0,0,0,0,0,0,0,0,4,0,0,0,0,0,0,0,0,0,0,0,0,0,0,0,0,0,0,0,0,0,16,0,0,1,0,0,0,0,0,8,0,0,0,0,0,0,0,0,0,0,0,0,1,0,0,0,0,0,0,0,0,0,1
1141667436b5bb324d869417013ff1431a3440ad9743ba22d456ae7b2f4c3db1,0,0,0,0,0,0,0,0,0,0,0,0,29,0,0,0,0,0,0,0,0,0,2,0,14,49,0,0,0,0,0,0,0,0,0,0,0,0,0,0,57,0,0,0,0,0,0,0,54,1,0,0,0,2,0,0,2,0,0,0,0,0,0,0,1,0,0,1,0,0,0,5,0,0,0,0,0,0,0,7,0,0,20,2,11,0,0,0,2,0,0,0,0,0,9,0,0,0,1,0,0,0,4,0,0,0,0,0,0,0,0,0,1,0,1,0,0,0,0,0,0,0,0,0,0,0,0,0,0,0,0,0,0,0,3,0,0,0,0,7,0,0,1,0,0,0,0,0,0,0,16,0,0,21,0,0,2,0,4,0,0,0,0,0,0,0,0,0,0,0,0,0,2,0,0,0,0,0,0,0,0,0,0,0,0,0,0,0,0,0,0,1,0,427,0,0,0,0,0,0,0,0,0,0,0,0,0,0,1,0,0,0,1,0,0,0,0,0,0,0,5,0,0,0,0,0,2,0,0,0,0,0,0,0,0,0,0,0,0,0,1,0,0,0,1,0,11,0,0,0,0,0,0,0,0,1,0,0,0,0,0,0,0,0,0,0,0,0,0,0,0,0,0,2,0,1,0,115,0,6,1,0,0,0,0,0,32,0,0,0,0,0,0,0,0,0,0,0,1,0,0,0,0,0,0,0,0,0,0,1
116429a26c811182ce2707ab06548e3d5ccc8be5fba7006fbfa0e4b4d246232a,0,0,0,0,0,0,0,0,0,0,0,0,41,0,0,0,0,0,0,0,0,0,2,0,11,30,0,0,2,0,0,0,0,0,0,0,0,1,0,4,0,0,0,0,0,0,1,0,26,13,0,0,0,9,0,0,0,3,0,0,0,0,0,0,0,0,0,0,0,0,1,17,6,2,0,0,0,0,0,16,0,0,61,2,0,0,0,0,6,0,0,0,0,0,11,0,0,0,0,0,0,0,0,0,0,0,0,0,0,0,0,0,2,0,0,0,0,0,0,0,1,0,0,0,0,0,0,0,0,0,0,0,1,0,1,0,0,0,0,12,0,0,0,0,0,0,0,0,1,0,7,0,0,62,0,0,2,0,1,0,0,4,0,6,0,0,0,0,0,1,0,0,4,0,0,0,0,0,0,0,0,0,0,0,0,0,0,0,0,0,0,36,0,180,0,0,0,0,0,0,0,0,0,0,1,0,0,0,1,0,0,0,0,0,0,0,0,0,0,0,2,0,0,0,0,0,1,0,0,0,0,0,0,0,0,0,0,0,0,3,0,0,0,0,2,0,6,0,0,0,0,0,0,0,0,0,1,0,0,0,0,0,0,0,0,0,0,0,0,0,0,0,1,0,0,0,2,54,0,0,1,0,0,0,0,0,30,0,0,0,0,0,0,0,0,0,0,0,1,0,0,0,0,0,0,0,0,0,0,1
11826c8726e65e84fcca6eca4e3f284ab9c7ff0091241981efde5cc9ccf5170c,0,0,0,0,0,0,0,0,0,0,0,0,15,0,0,0,0,0,0,0,0,0,3,0,6,225,0,0,1,0,0,0,0,0,0,0,0,0,0,0,0,4,0,2,0,0,0,0,225,1,0,0,0,26,33,0,4,0,0,34,0,0,0,0,3,0,0,1,0,0,0,6,0,1,0,0,0,0,0,2,0,0,1,4,65,0,0,0,3,0,0,0,0,0,4,0,0,0,2,0,0,0,0,0,0,0,0,0,0,0,1,0,2,0,1,0,0,0,1,0,0,0,0,0,0,0,0,0,0,0,0,0,0,0,4,0,0,0,0,10,0,1,1,0,0,0,0,0,0,0,7,0,0,46,0,0,3,0,4,0,0,0,0,1,0,0,0,0,0,0,0,0,48,0,0,0,0,0,0,0,0,0,0,0,0,0,3,4,0,0,0,1,0,6,0,0,0,0,0,0,0,0,0,0,0,0,0,0,1,0,0,0,0,0,0,0,0,0,1,0,5,0,0,0,0,0,2,0,0,0,0,0,0,0,3,0,52,0,0,0,1,0,0,0,3,0,4,2,0,0,0,0,0,0,0,3,0,0,1,0,0,0,0,0,0,0,0,0,0,0,0,0,0,6,0,1,1,36,0,6,1,3,0,0,0,0,11,0,0,0,0,0,0,0,0,0,0,0,1,0,0,0,0,0,0,0,0,0,0,1
12048f3512d0efc87c8f3f6ab0c6b6d17a7236c51da7f9fd11370e177a699616,0,0,0,0,0,0,0,0,0,0,0,0,206,0,0,0,0,0,0,0,0,0,32,0,36,488,0,0,33,0,0,0,0,0,0,0,0,0,0,2,0,1,0,111,0,0,2,0,16,82,0,0,0,329,1,0,2,0,0,0,0,0,0,0,0,0,0,0,0,0,0,69,1,1,0,0,0,0,0,1,0,0,7,2,0,0,0,0,5,0,0,0,0,0,497,0,0,0,1,0,0,0,0,5,0,0,0,0,0,0,0,0,0,0,5,0,0,14,1,0,0,0,0,0,0,0,0,0,0,0,0,0,0,0,17,0,0,0,0,13,0,2,0,0,16,0,0,0,0,0,27,0,0,9,0,0,12,0,5,0,0,1,0,2,0,0,2,0,0,0,0,0,2231,0,0,0,0,0,0,0,0,0,0,0,0,0,0,2,0,0,0,14,0,104,0,0,0,0,0,0,0,0,0,0,4,0,0,0,0,0,0,0,0,0,0,0,0,0,0,0,7,0,0,0,0,0,1,0,0,0,0,0,0,0,0,0,0,0,0,0,1,0,0,0,15,0,37,1,0,0,0,0,0,7,0,2,0,0,40,0,0,0,1,0,0,0,0,0,0,0,0,0,0,2,0,0,31,89,0,1,124,0,0,0,0,0,79,0,0,0,1,0,0,0,0,0,0,0,7,0,0,5,0,0,0,0,8,4,0,1
123960c028e94bc14b8cf0041f97c0781744b511674c79a545dec2ee3ce500b8,0,0,0,0,0,0,0,0,0,0,0,0,202,0,0,0,0,0,0,0,0,0,66,0,9,202,0,0,61,0,0,0,0,0,0,0,0,0,0,0,0,1,0,0,0,0,2,0,38,22,0,0,0,3,0,0,2,0,0,1,0,0,0,0,0,0,0,0,0,0,0,23,1,1,0,0,0,0,0,42,0,0,12,2,0,0,0,0,2,0,0,0,0,1,5,0,0,0,1,0,0,0,0,0,0,0,0,0,0,0,0,0,0,0,1,0,0,0,1,0,0,0,0,0,0,0,0,0,0,0,0,0,0,0,1,0,0,0,0,11,0,0,0,0,0,0,0,0,3,0,5,0,0,11,0,0,109,0,2,0,0,1,0,38,0,0,0,0,0,0,0,0,2,0,0,0,0,0,0,0,0,0,0,0,0,0,0,0,0,0,0,2,0,124,0,0,0,0,0,0,0,0,0,0,0,0,0,0,0,0,0,0,0,0,0,0,0,0,0,0,3,0,0,0,0,0,0,0,0,0,0,0,0,0,0,0,52,0,0,0,0,0,0,0,1,0,69,3,0,0,0,0,0,0,0,2,15,0,1,0,0,0,0,0,0,0,0,0,0,0,0,0,0,22,0,0,70,43,0,4,0,0,0,0,0,0,145,0,0,0,0,0,0,0,0,0,0,0,1,0,0,0,0,0,0,0,0,0,0,1
002efac668aa6e1a35b9b489f2be520e7cb45acd4aa441fd6fd1ebd78e5be519,0,0,0,0,0,0,0,0,0,0,0,0,13,0,0,0,0,1,0,0,0,0,5,0,18,0,0,0,1,0,0,0,0,0,0,1,0,0,0,0,0,1,0,0,0,5,1,0,0,0,0,0,0,3,3,0,0,3,0,0,0,0,0,0,0,0,0,0,0,0,0,2,1,1,0,0,0,0,0,1,0,0,0,0,0,0,0,0,2,0,0,0,0,0,5,0,0,1,0,0,0,0,0,0,0,0,0,0,0,0,0,0,4,4,0,0,0,1,0,0,0,0,0,0,2,0,0,0,0,0,0,0,0,0,0,0,0,0,0,0,0,2,0,0,0,1,0,0,0,0,44,0,0,0,0,0,6,0,0,0,0,1,0,0,0,0,0,0,0,0,0,0,0,0,0,0,0,0,0,0,0,0,0,0,0,0,0,0,0,0,0,0,0,19,1,0,0,0,0,0,0,0,0,0,0,0,0,0,0,0,0,0,0,0,0,0,0,0,0,0,0,0,0,0,0,0,1,3,0,0,0,0,0,0,0,0,0,0,0,1,0,0,0,0,2,0,7,0,0,0,0,0,0,0,0,2,0,0,0,0,0,0,0,0,0,0,0,0,0,0,0,0,0,0,0,1,1,312,0,0,3,0,0,0,0,0,18,0,0,0,1,0,0,0,0,0,0,0,0,0,0,0,0,0,0,0,0,0,0,0
0033e81243b9782ab1aea6f4314c531b552890d9f86cdc65ad38ef407d071d0d,0,0,0,0,0,1,0,0,0,0,0,0,8,0,0,0,0,1,0,0,0,0,3,0,19,1,0,0,0,0,0,0,0,0,0,1,0,0,0,1,0,1,0,0,0,0,1,0,0,0,0,0,0,8,3,0,0,1,0,0,0,0,0,0,0,0,1,0,0,0,0,1,1,1,0,0,0,0,2,1,0,0,0,0,0,0,0,0,5,0,0,0,14,0,8,0,0,1,0,0,0,0,0,0,0,0,0,0,0,0,0,0,4,0,0,0,0,1,0,1,0,0,0,0,3,0,0,0,0,0,0,0,0,0,0,0,0,0,0,0,0,3,0,0,0,3,0,0,0,0,49,0,0,0,0,0,1,0,0,0,0,2,2,0,0,0,0,0,0,0,0,0,2,0,0,0,0,0,0,0,0,0,0,0,0,0,0,0,0,0,0,0,0,19,1,0,0,0,0,0,0,0,0,0,0,0,0,0,0,0,0,0,0,0,0,0,0,0,0,0,0,0,0,0,0,0,1,3,0,0,0,0,0,0,0,0,0,0,0,2,0,0,0,0,2,0,3,1,0,0,0,0,0,0,0,2,0,0,0,0,0,0,0,0,0,0,0,0,0,0,0,0,0,0,0,1,1,361,0,2,3,0,0,0,0,0,16,0,0,0,1,0,0,0,0,0,0,0,0,1,0,0,0,0,0,0,0,0,0,0
0035953d782b128f559396485855b024125ece23e565dec55644a7956dbaaf0a,0,0,0,0,0,0,0,0,0,0,0,0,27,0,0,0,0,1,0,0,0,0,1,0,10,2,0,0,0,0,0,0,0,0,0,1,0,0,0,0,0,1,0,0,0,0,1,0,0,0,0,0,0,5,1,0,0,3,0,0,0,0,0,0,0,0,0,0,1,0,0,2,2,1,0,0,0,0,3,1,1,0,0,0,0,0,0,0,1,0,0,0,0,0,5,0,0,2,0,0,0,0,0,0,0,0,0,0,0,0,0,0,3,0,0,0,0,1,0,0,1,0,5,0,19,0,0,0,0,0,0,0,0,0,0,0,0,0,0,0,0,1,0,0,0,10,1,0,0,0,12,0,0,0,0,0,1,0,0,0,0,26,0,0,0,0,0,0,0,0,0,0,0,0,0,0,0,0,0,0,0,0,0,0,0,0,0,0,0,0,0,0,0,0,1,0,0,0,0,0,0,0,0,0,1,0,0,0,0,5,0,0,0,0,0,0,0,0,0,0,0,0,0,0,0,0,1,3,0,0,0,0,0,0,0,0,0,0,0,1,0,0,0,0,0,0,3,0,0,0,0,0,0,0,0,2,0,0,0,0,0,0,0,0,0,0,0,0,1,0,0,0,0,0,0,1,1,270,0,0,0,0,0,0,0,0,9,1,0,0,0,0,0,0,0,0,0,0,0,1,0,0,0,0,0,0,0,0,0,0
00577b32ca28f73833d05abd72da6ed3ea142d68934f63ba3a987d1c561eb9d9,0,0,0,0,0,0,0,0,0,0,0,0,34,0,0,0,0,1,0,0,0,0,4,0,134,0,0,0,2,1,0,0,0,0,0,2,0,0,0,2,31,1,0,0,0,5,1,0,0,0,0,2,0,13,3,0,0,3,0,0,0,0,0,0,0,0,0,0,0,0,0,86,1,4,0,0,2,0,4,1,1,0,0,0,0,0,0,0,6,0,0,0,0,0,5,0,0,1,0,0,0,0,0,0,0,0,0,0,6,0,0,0,4,33,0,0,0,1,0,0,0,0,53,0,11,0,0,0,0,0,0,0,0,0,0,0,0,0,0,0,0,2,0,0,0,9,1,0,0,0,54,0,0,0,0,0,27,0,1,11,0,1,0,1,0,0,0,0,0,0,0,0,0,0,0,0,0,0,0,0,0,0,0,0,0,0,0,0,0,0,0,0,0,21,2,0,0,1,0,0,0,0,0,0,3,0,0,0,1,5,0,0,0,0,0,0,0,0,0,0,1,0,0,0,0,0,1,3,0,0,0,0,0,0,0,0,0,0,0,1,0,0,0,0,0,0,60,0,0,0,0,0,0,0,0,1,0,0,0,0,0,0,0,0,0,0,0,0,2,0,0,0,0,0,0,1,1,564,0,0,2,0,0,0,0,0,112,1,0,0,0,0,0,1,0,0,0,0,0,1,0,0,0,0,0,0,0,0,0,0
00635947467686c05d72b03be9caadf75681cdca72593d03830951dbe0b9004a,0,0,0,0,0,0,0,0,0,0,0,0,41,0,0,0,0,1,0,0,0,0,1,0,18,1,0,0,0,0,0,0,0,0,0,0,0,0,0,0,0,1,0,0,0,8,1,0,0,0,0,0,0,5,1,0,1,3,0,0,0,0,0,0,0,0,0,0,0,0,0,3,1,5,0,0,0,0,0,1,0,0,0,0,0,0,0,0,2,0,0,0,0,0,4,0,0,1,0,0,0,0,0,0,0,0,0,0,0,0,0,0,5,1,0,0,0,1,0,0,0,0,0,0,0,0,0,0,0,0,0,0,0,0,0,0,0,0,0,0,0,1,0,0,0,0,0,0,0,0,14,0,0,0,0,0,5,0,0,0,0,1,0,0,0,0,0,0,0,0,0,0,0,0,0,0,0,0,0,0,0,0,0,0,0,0,0,0,0,0,0,0,0,0,1,0,0,0,0,0,0,0,0,0,0,0,0,0,1,0,0,0,0,0,0,1,0,0,0,0,0,0,0,1,1,0,1,3,0,0,0,0,0,0,0,0,0,0,0,1,0,0,0,0,1,0,4,0,0,0,0,0,0,0,0,2,0,0,0,0,0,0,0,0,0,0,0,0,0,0,0,0,1,0,0,1,1,253,0,0,1,0,0,0,0,0,10,0,0,0,0,0,0,0,0,0,0,0,0,1,0,0,0,0,0,0,0,0,0,0
0171ae2d175728b6d82f77296025fc7fa413893b7e46f249285b381d06bcab4e,0,0,0,0,0,0,0,0,0,0,0,0,16,0,0,0,0,1,0,0,0,0,4,0,18,1,0,0,0,0,0,0,0,0,0,1,0,0,0,0,0,1,0,0,0,4,1,0,0,0,0,0,0,2,3,0,1,3,0,0,0,0,0,0,0,0,0,0,0,0,0,7,1,0,0,0,0,0,0,1,0,0,0,0,0,0,0,0,2,0,0,0,0,0,5,0,0,1,0,0,0,0,0,0,0,0,0,0,0,0,0,0,4,7,0,0,0,5,0,0,0,0,150,0,0,0,0,0,0,0,0,0,0,0,0,0,0,0,0,0,0,1,0,0,0,0,3,0,0,0,39,0,0,0,0,0,4,0,0,0,0,1,0,0,0,0,0,0,0,0,0,0,0,0,0,0,0,0,0,0,0,0,0,0,0,0,0,0,0,0,0,0,0,19,0,0,0,0,0,0,0,0,0,0,3,0,0,0,1,0,0,0,0,0,0,0,0,0,0,0,0,0,0,0,0,0,1,6,0,0,0,0,0,0,0,0,0,0,0,1,0,0,0,0,2,0,3,0,0,0,0,0,0,0,0,0,0,0,0,0,0,0,0,0,0,0,0,0,0,0,0,0,0,0,0,1,1,292,0,1,2,0,0,0,0,0,15,3,0,0,1,0,0,0,0,0,0,0,0,1,0,0,0,0,0,0,0,0,0,0
018aeefb70244e918357b06f0c38a5be207ac1bf27c2601452bd72cc098a4256,0,0,0,0,0,1,0,0,0,0,0,0,54,1,0,0,0,1,0,0,0,0,5,0,17,0,0,0,1,1,0,0,0,0,0,2,0,0,0,1,31,1,1,0,0,4,1,0,0,0,0,2,0,6,3,0,0,3,0,0,0,0,1,0,0,0,0,0,0,0,0,86,1,1,0,0,2,0,1,1,0,0,0,0,0,0,0,0,4,0,0,0,0,0,5,0,0,1,0,0,0,0,0,0,0,0,0,0,6,0,0,0,5,32,0,0,0,2,0,1,0,0,0,0,3,0,0,0,0,0,0,0,0,0,0,0,0,0,0,0,0,2,0,0,0,3,0,0,0,0,60,0,0,0,0,0,7,0,0,11,0,1,0,1,0,0,0,0,0,0,0,0,0,0,0,0,0,0,0,0,0,0,0,0,0,0,0,0,0,0,0,0,0,21,1,0,0,1,0,0,0,0,0,0,3,0,0,0,1,5,0,0,0,0,0,0,0,0,0,0,0,0,0,0,0,0,1,3,0,0,0,0,0,0,0,0,0,0,0,1,0,0,0,0,0,0,17,0,0,0,0,0,0,0,0,2,0,0,0,0,0,0,0,0,0,0,0,0,0,0,0,0,0,0,0,1,2,455,0,0,2,0,0,0,0,0,48,0,0,0,0,0,0,1,0,0,0,0,0,0,0,0,0,0,0,0,0,0,0,0
019d5936c386904ae7d7fd07b3c4f942c215e2e298fc0afb4a2bf5510d17bdc2,0,0,0,0,0,0,0,0,0,0,0,0,7,0,0,0,0,1,0,0,0,0,1,0,13,0,0,0,0,0,0,0,0,0,0,1,0,0,0,0,0,1,0,0,0,3,1,0,0,0,0,0,0,2,3,0,0,3,0,0,0,0,0,0,0,0,0,0,0,0,0,2,1,1,0,0,0,0,0,1,0,0,0,0,0,0,0,0,2,0,0,0,0,0,5,0,0,1,0,0,0,0,0,0,0,0,0,0,0,0,0,0,3,0,0,0,0,1,0,0,0,0,0,0,0,0,0,0,0,0,0,0,0,0,0,0,0,0,0,0,0,1,0,0,0,0,0,0,0,0,35,0,0,0,0,0,2,0,0,0,0,1,0,0,0,0,0,0,0,0,0,0,0,0,0,0,0,0,0,0,0,0,0,0,0,0,0,0,0,0,0,0,0,19,1,0,0,0,0,0,0,0,0,0,0,0,0,0,0,0,0,0,0,0,0,1,0,0,0,0,0,0,0,0,0,0,1,3,0,0,0,0,0,0,0,0,0,0,0,1,0,0,0,0,0,0,3,0,0,0,0,0,0,0,0,2,0,0,0,0,0,0,0,0,0,0,0,0,0,0,0,0,0,0,0,1,1,152,0,0,1,0,0,0,0,0,13,0,0,0,0,0,0,0,0,0,0,0,0,0,0,0,0,0,0,0,0,0,0,0
01bd51f3bcc135f0e927bb78addd1810e23e3efd4fac4e84559821af5ae3104e,0,0,0,0,0,0,0,0,0,0,0,0,0,0,0,0,0,0,0,0,0,0,0,0,1,0,0,0,0,0,0,0,0,0,0,0,0,0,0,0,0,0,0,0,0,0,0,0,0,0,0,0,0,0,0,0,0,0,0,0,0,0,0,0,0,0,0,0,0,0,0,0,0,0,0,0,0,0,0,0,0,0,0,0,0,0,0,0,0,0,0,0,0,0,0,0,0,0,0,0,0,0,0,0,0,0,0,0,0,0,0,0,0,1,0,0,0,0,0,0,0,0,0,0,0,0,0,0,0,0,0,0,0,0,0,0,0,0,0,0,0,0,0,0,0,0,0,0,0,0,0,0,0,0,0,0,0,0,0,0,0,0,0,0,0,0,0,0,0,0,0,0,0,0,0,0,0,0,0,0,0,0,0,0,0,0,0,0,0,0,0,0,0,0,0,0,0,0,0,0,0,0,0,0,0,0,0,0,0,0,0,0,0,0,0,0,0,0,0,0,0,0,0,0,0,0,0,1,0,0,0,0,0,0,0,0,0,0,0,0,0,0,0,0,0,0,0,0,0,0,0,0,0,0,0,0,0,0,0,0,0,0,0,0,0,0,0,0,0,0,0,0,0,0,0,0,0,4,0,0,0,0,0,0,0,0,2,0,0,0,0,0,0,0,0,0,0,0,0,0,0,0,0,0,0,0,0,0,0,0
01cd775b2d4e0c75f12012c1a60f081ee22ddf64629350cecc05a3f04559f1e5,0,0,0,0,0,0,0,0,0,0,0,0,40,0,0,0,0,1,0,0,0,0,5,0,17,0,0,0,0,0,0,0,0,0,0,1,0,0,0,0,0,1,0,0,0,4,1,0,0,0,0,0,0,6,3,0,0,3,0,0,0,0,0,0,0,0,0,0,0,0,0,2,1,1,0,0,0,0,0,1,0,0,0,0,0,0,0,0,2,0,0,0,0,0,5,0,0,1,0,0,0,0,0,0,0,0,0,0,0,0,0,0,4,0,0,0,0,2,0,0,0,0,0,0,0,0,0,0,0,0,0,0,0,0,0,0,0,0,0,0,0,1,0,0,0,0,0,0,0,0,41,0,0,0,0,0,5,0,0,0,0,1,0,0,0,0,0,0,0,0,0,0,0,0,0,0,0,0,0,0,0,0,0,0,0,0,0,0,0,0,0,0,0,19,1,0,0,0,0,0,0,0,0,0,0,0,0,0,0,0,0,0,0,0,0,0,0,0,0,0,0,0,0,0,0,0,1,3,0,0,0,0,0,0,0,0,0,0,0,1,0,0,0,0,2,0,3,0,0,0,0,0,0,0,0,2,0,0,0,0,0,0,0,0,0,0,0,0,0,0,0,0,0,0,0,1,1,291,0,0,2,0,0,0,0,0,15,0,0,0,1,0,0,0,0,0,0,0,0,1,0,0,0,0,0,0,0,0,0,0
024b8f941ee0e191285adad98ef4ece7e80e34a153cbbe63422f21a38bf98d37,0,0,0,0,0,0,0,0,0,0,0,0,513,0,0,0,0,15,0,0,0,0,9,0,17,5,0,0,0,0,0,0,0,53,0,0,0,0,0,0,0,0,153,2,0,184,0,0,0,6,0,3,0,9,1,0,2,11,0,0,0,0,0,0,0,0,6,0,0,0,0,169,1,23,0,0,0,0,4,44,0,0,0,0,0,0,0,0,17,0,0,0,0,0,0,0,0,0,2,0,0,0,0,1,0,0,0,0,0,0,0,0,2,20,4,0,0,1,22,0,0,0,0,0,37,0,0,0,0,0,0,0,0,0,0,0,0,0,0,4,0,5,0,0,22,0,0,0,0,0,11,0,22,0,0,0,102,0,3,0,0,0,0,3,0,0,0,0,0,0,0,0,0,0,0,0,0,0,0,0,0,0,0,0,0,0,0,1,0,0,0,4,0,0,45,0,0,0,0,0,0,0,0,0,4,0,0,0,0,0,0,0,0,0,0,0,0,0,0,0,4,0,0,0,0,0,8,0,0,0,0,0,0,0,0,0,0,0,0,3,1,0,0,0,2,0,5,3,0,0,0,0,0,0,0,1,0,0,132,0,0,0,1,0,0,0,0,0,0,0,0,0,1,0,0,1,0,149,2,1,88,0,0,0,0,0,29,0,0,0,1,0,0,0,0,0,0,0,8,1,0,1,0,0,0,0,8,5,0,0
0274db9e8365e5f90fecc030050f146b34286356afcdbd3d15bb90e8ae56d612,0,0,0,0,0,0,0,0,0,0,0,0,2,0,0,0,0,0,0,0,0,0,1,0,2,0,0,0,0,0,0,0,0,0,0,0,0,0,0,0,0,0,0,0,0,1,0,0,0,1,0,0,0,0,0,0,0,0,0,0,0,0,0,0,0,0,0,0,0,0,0,9,0,0,0,0,0,0,0,0,0,0,0,0,0,0,0,0,0,0,0,0,0,0,0,0,0,0,0,0,0,0,0,0,0,0,0,0,0,0,0,0,0,4,0,0,0,0,0,0,1,0,0,0,0,0,0,1,0,0,0,0,0,0,0,0,0,0,0,0,0,1,0,0,0,0,0,0,0,0,0,0,0,0,0,0,2,0,0,0,0,0,0,0,0,0,0,0,0,0,0,0,0,0,0,0,0,0,0,0,0,0,0,0,0,0,0,0,0,0,0,0,0,0,0,0,0,0,0,0,0,0,0,0,0,0,0,0,0,0,0,0,0,0,0,0,0,0,0,0,0,0,0,0,0,0,0,0,0,0,0,0,0,0,0,0,0,0,0,1,0,0,0,0,0,0,4,0,0,0,0,0,0,0,0,0,0,0,0,0,0,0,0,0,0,0,0,0,0,0,0,0,0,0,0,0,0,0,0,0,1,0,0,0,0,0,7,0,0,0,0,0,0,0,0,0,0,0,0,0,0,0,0,0,0,0,0,0,0,0
02e6f8f7d7a76c863572f7b782d92d2019b2aa29a68b16cf766193f29efdb3ac,0,0,0,0,0,0,0,0,0,0,0,0,41,0,0,0,0,1,0,0,0,0,3,0,16,0,0,0,0,0,0,0,0,0,0,1,0,0,0,0,0,1,0,0,0,4,1,0,0,0,0,0,0,6,3,0,0,3,0,0,0,0,0,0,0,0,0,0,0,0,0,9,1,1,0,0,0,0,0,1,0,0,0,0,0,0,0,0,2,0,0,0,0,0,5,0,0,1,0,0,0,0,0,0,0,0,0,0,0,0,0,0,4,4,0,0,0,2,0,0,0,0,0,0,0,0,0,0,0,0,0,0,0,0,0,0,0,0,0,0,0,2,0,0,0,0,0,0,0,0,45,0,0,0,0,0,5,0,0,0,0,1,0,0,0,0,0,0,0,0,0,0,0,0,0,0,0,0,0,0,0,0,0,0,0,0,0,0,0,0,0,0,0,19,1,0,0,0,0,0,0,0,0,0,0,0,0,0,0,0,0,0,0,0,0,0,0,0,0,0,0,0,0,0,0,0,1,3,0,0,0,0,0,0,0,0,0,0,0,1,0,0,0,0,0,0,11,0,0,0,0,0,0,0,0,2,0,0,0,0,0,0,0,0,0,0,0,0,0,0,0,0,0,0,0,1,1,188,0,0,2,0,0,0,0,0,23,0,0,0,0,0,0,0,0,0,0,0,0,0,0,0,0,0,0,0,0,0,0,0
02f244a497e0cc067b292552ea2305c0f99000c38ba063849d370875646427a1,0,0,0,0,0,0,0,0,0,0,0,0,61,0,0,0,0,1,0,0,0,0,7,0,172,0,0,0,2,0,0,0,0,2,0,2,0,0,0,0,31,1,0,0,0,6,1,0,0,0,0,1,0,8,3,0,0,3,0,0,0,0,0,0,0,0,0,0,0,0,0,87,1,1,0,0,0,0,0,1,0,0,0,0,0,0,0,0,5,0,0,0,0,0,5,0,0,1,0,0,0,0,0,0,0,0,0,0,1,0,0,0,4,34,0,0,0,2,0,0,0,0,0,0,2,0,0,0,0,0,0,0,0,0,0,0,0,0,0,0,0,2,0,0,0,1,0,0,0,0,54,0,0,0,0,0,7,0,1,11,0,1,0,0,0,0,0,0,0,0,0,0,0,0,0,0,0,0,0,0,0,0,0,0,0,0,0,0,0,0,0,0,0,21,1,0,0,2,0,0,0,0,0,0,0,0,0,0,1,0,0,0,0,0,0,0,0,0,0,0,1,0,0,0,0,0,1,3,0,0,0,0,0,0,0,0,0,0,0,1,0,0,0,0,0,0,20,0,0,0,0,0,0,0,0,3,0,0,0,0,0,0,0,0,0,0,0,0,0,0,0,0,0,0,0,1,3,464,0,0,2,0,0,0,0,0,100,0,0,0,0,0,0,0,0,0,0,0,0,1,0,0,0,0,0,0,0,0,0,0
039ea1abf47801b95746ce28b5a22a4901f6ab7ae8cb8f7c47194414de12eeb5,0,0,0,0,0,0,0,0,0,0,0,0,0,0,0,0,0,0,0,0,0,0,0,0,11,0,0,0,0,0,0,0,0,0,0,0,0,0,0,0,0,0,0,0,0,0,0,0,0,0,0,0,0,0,0,0,0,0,0,0,0,0,0,0,0,0,0,0,0,0,0,0,0,0,0,0,0,0,0,0,0,0,0,0,0,0,0,0,0,0,0,0,0,0,0,0,0,0,0,0,0,0,0,0,0,0,0,0,0,0,0,0,1,619,0,0,0,0,0,0,0,0,0,0,0,0,0,0,0,0,0,0,0,0,0,0,0,0,0,0,0,0,0,0,0,0,0,0,0,0,0,0,0,0,0,0,0,0,0,0,0,0,0,0,0,0,0,0,0,0,0,0,0,0,0,0,0,0,0,0,0,0,0,0,0,0,0,0,0,0,0,0,0,0,0,0,0,0,0,0,0,0,0,0,0,0,0,0,0,0,0,0,0,0,0,0,0,0,0,0,0,0,0,0,0,0,0,0,0,0,0,0,0,0,0,0,0,0,0,0,0,0,0,0,0,0,0,0,0,0,0,0,0,0,0,0,0,0,0,0,0,0,0,0,0,0,0,0,0,0,0,0,0,0,0,0,0,156,0,0,0,0,0,0,0,0,10,0,0,0,0,0,0,0,0,0,0,0,0,0,0,0,0,0,0,0,0,0,0,0
042b13711041d26d54fb3ce999c91ecf1828b046273d9174f9b5b79703d24007,0,0,0,0,0,0,0,0,0,0,0,0,23,0,0,0,0,1,0,0,0,0,4,0,17,0,0,0,1,0,0,0,0,0,0,2,0,0,0,0,31,1,0,0,0,4,1,0,0,0,0,0,0,2,3,0,0,3,0,0,0,0,0,0,0,0,0,0,0,0,0,84,1,1,0,0,0,0,0,1,0,0,0,0,0,0,0,0,4,0,0,0,0,0,5,0,0,1,0,0,0,0,0,0,0,0,0,0,0,0,0,0,4,31,0,0,0,1,0,0,0,0,0,0,0,0,0,0,0,0,0,0,0,0,0,0,0,0,0,0,0,2,0,0,0,0,0,0,0,0,178,0,0,0,0,0,6,0,0,11,0,1,0,1,0,0,0,0,0,0,0,0,0,0,0,0,0,0,0,0,0,0,0,0,0,0,0,0,0,0,0,0,0,21,1,0,0,1,0,0,0,0,0,0,0,0,0,0,1,0,0,0,0,0,0,0,0,0,0,0,0,0,0,0,0,0,1,3,0,0,0,0,0,0,0,0,0,0,0,1,0,0,0,0,0,0,22,0,0,0,0,0,0,0,0,2,0,0,0,0,0,0,0,0,0,0,0,0,0,0,0,0,0,0,0,1,1,448,0,0,2,0,0,0,0,0,156,0,0,0,0,0,0,0,0,0,0,0,0,0,0,0,0,0,0,0,0,0,0,0
0449815e0492cc3a931a9bb0d60283c90a6d953d508de1687f6796906aaae797,0,0,0,0,0,0,0,0,0,0,0,0,257,0,0,0,0,1,0,0,0,0,46,0,1,213,0,0,1,0,0,0,0,0,0,1,0,0,0,2,0,1,0,0,0,4,1,0,0,106,0,0,0,6,3,0,105,533,1,0,0,0,0,0,0,0,0,0,0,0,0,215,1,1,0,425,1,0,1,44,0,0,0,0,0,0,0,0,2,0,0,0,0,0,5,0,0,1,0,0,0,0,0,0,0,0,0,0,0,0,0,0,4,21,0,0,0,2,0,0,0,0,0,0,1,0,0,0,83,0,0,0,1,0,0,0,0,0,0,645,0,1,0,0,0,0,0,0,0,10,2,0,0,0,0,0,24,0,1,0,0,1,0,143,0,0,0,0,0,0,0,0,0,0,0,0,0,0,0,0,0,0,0,0,0,0,0,0,0,0,0,0,0,19,6,0,0,0,0,0,0,0,0,0,1,0,0,0,0,0,0,1,0,0,0,0,0,0,0,0,1,0,0,0,0,0,14,3,0,0,0,0,0,0,0,0,0,0,0,1,0,0,0,0,2,0,72,0,0,0,0,0,0,0,0,2,0,0,2,0,0,0,0,0,0,0,0,0,0,0,0,0,0,0,0,1,2,7,0,0,4,0,0,0,0,0,40,0,0,0,1,0,0,0,0,0,0,0,1,1,0,0,0,0,0,0,0,0,0,0
0459f6524b233831b75856d23de17c22d2f9cd8e3bd0cdffc8a69f0171a3af42,0,0,0,0,0,0,0,0,0,0,0,0,0,0,0,0,0,0,0,0,0,0,0,0,1,0,0,0,0,0,0,0,0,0,0,0,0,0,0,0,0,0,0,0,0,0,0,0,0,0,0,0,0,0,0,0,0,0,0,0,0,0,0,0,0,0,0,0,0,0,0,0,0,0,0,0,0,0,0,0,0,0,0,0,0,0,0,0,0,0,0,0,0,0,0,0,0,0,0,0,0,0,0,0,0,0,0,0,0,0,0,0,0,2,0,0,0,0,0,0,0,0,0,0,0,0,0,0,0,0,0,0,0,0,0,0,0,0,0,0,0,0,0,0,0,0,0,0,0,0,0,0,0,0,0,0,0,0,0,0,0,0,0,0,0,0,0,0,0,0,0,0,0,0,0,0,0,0,0,0,0,0,0,0,0,0,0,0,0,0,0,0,0,0,0,0,0,0,0,0,0,0,0,0,0,0,0,0,0,0,0,0,0,0,0,0,0,0,0,0,0,0,0,0,0,0,0,1,0,0,0,0,0,0,0,0,0,0,0,0,0,0,0,0,0,0,0,0,0,0,0,0,0,0,0,0,0,0,0,0,0,0,0,0,0,0,0,0,0,0,0,0,0,0,0,0,0,4,0,0,0,0,0,0,0,0,2,0,0,0,0,0,0,0,0,0,0,0,0,0,0,0,0,0,0,0,0,0,0,0
0476062b8f5a196e1e29d18c5158a9208f6f673a097e8adf95288d2803d7e4f9,0,0,0,0,0,0,0,0,0,0,0,0,2,0,0,0,0,0,0,0,0,0,1,0,2,0,0,0,0,0,0,0,0,0,0,0,0,0,0,0,0,0,0,0,0,1,0,0,0,1,0,0,0,0,0,0,0,0,0,0,0,0,0,0,0,0,0,0,0,0,0,10,0,0,0,0,0,0,0,0,0,0,0,0,0,0,0,0,0,0,0,0,0,0,0,0,1,0,0,0,0,0,0,0,0,0,0,0,0,0,0,0,0,4,0,0,0,0,0,0,1,0,0,0,0,0,0,1,0,0,0,0,0,0,0,0,0,0,0,0,0,1,0,0,0,0,0,0,0,0,4,0,0,0,0,0,2,0,0,4,0,0,0,0,0,0,0,0,0,0,0,0,0,0,0,0,0,0,0,0,0,0,0,0,0,0,0,0,0,0,0,0,0,0,0,0,0,0,0,0,0,0,0,0,0,0,0,0,0,0,0,0,0,0,0,0,0,0,0,0,0,0,0,0,0,0,0,0,0,0,0,0,0,0,0,0,0,0,0,1,0,0,0,0,0,0,7,0,0,0,0,0,0,0,0,0,0,0,0,0,0,0,0,0,0,0,0,0,0,0,0,0,0,0,0,0,0,0,0,0,1,0,0,0,0,0,12,0,0,0,0,0,0,0,0,0,0,0,0,0,0,0,0,0,0,0,0,0,0,0
0488b3561305f573cdb1c31fff5faa372617e96edd44f3153327fddf24b0f9df,0,0,0,0,0,1,0,0,0,0,0,0,36,1,0,0,0,1,0,0,0,0,1,0,23,0,0,0,0,0,0,0,0,0,0,1,0,0,0,1,0,1,0,0,0,3,1,0,0,0,0,0,0,5,1,0,0,3,0,0,0,0,1,0,0,0,0,0,0,0,0,2,1,5,0,0,0,0,0,1,0,0,0,0,0,0,0,0,2,0,0,0,0,0,4,0,0,1,0,0,0,0,0,0,0,0,0,0,0,0,0,0,3,3,0,0,0,1,0,1,0,0,0,0,0,0,0,0,0,0,0,0,0,0,0,0,0,0,0,0,0,1,0,0,0,0,0,0,0,0,10,0,0,0,0,0,3,0,0,0,0,1,0,0,0,0,0,0,0,0,0,0,0,0,0,0,0,0,0,0,0,0,0,0,0,0,0,0,0,0,0,0,0,0,1,0,0,0,0,0,0,0,0,0,0,0,0,0,0,0,0,0,0,0,0,0,0,0,0,0,0,0,0,0,0,0,1,3,0,0,0,0,0,0,0,0,0,0,0,1,0,0,0,0,0,0,9,0,0,0,0,0,0,0,0,2,0,0,0,0,0,0,0,0,0,0,0,0,0,0,0,0,0,0,0,1,1,211,0,2,1,0,0,0,0,0,14,0,0,0,0,0,0,0,0,0,0,0,0,1,0,0,0,0,0,0,0,0,0,0
04f4f6a5922f6796a837c581970428a0db525008d5f731d4308835a30788b8b3,0,0,0,0,0,0,0,0,0,0,0,0,11,0,0,0,0,1,0,0,0,0,4,0,19,0,0,0,0,0,0,0,0,0,0,1,0,0,0,0,0,1,0,0,0,4,1,0,0,0,0,0,0,2,3,0,0,3,0,0,0,0,0,0,0,0,0,0,0,0,0,2,1,1,0,0,0,0,0,1,0,0,0,0,0,0,0,0,2,0,0,0,0,0,5,0,0,1,0,0,0,0,0,0,0,0,0,0,0,0,0,0,4,1,0,0,0,1,0,0,0,0,0,0,0,0,0,0,0,0,0,0,0,0,0,0,0,0,0,0,0,1,0,0,0,0,0,0,0,0,42,0,0,0,0,0,4,0,0,0,0,1,0,0,0,0,0,0,0,0,0,0,0,0,0,0,0,0,0,0,0,0,0,0,0,0,0,0,0,0,0,0,0,19,1,0,0,0,0,0,0,0,0,0,0,0,0,0,0,0,0,0,0,0,0,0,0,0,0,0,0,0,0,0,0,0,1,3,0,0,0,0,0,0,0,0,0,0,0,1,0,0,0,0,2,0,5,0,0,0,0,0,0,0,0,2,0,0,0,0,0,0,0,0,0,0,0,0,0,0,0,0,0,0,0,1,1,291,0,0,2,0,0,0,0,0,14,0,0,0,1,0,0,0,0,0,0,0,0,0,0,0,0,0,0,0,0,0,0,0
0521b13866983a51930b9c7897bb7fb5dfc6313928e2916d2cef25b6a11a2165,0,0,0,0,0,0,0,0,0,0,0,0,39,0,0,0,0,0,0,0,0,0,2,0,4,3,0,0,6,0,0,0,0,7,0,1,0,0,0,0,0,0,2,0,0,16,0,0,1,0,0,0,0,19,0,0,0,3,0,0,0,0,0,0,1,0,0,0,0,0,0,1,4,0,0,0,0,0,1,0,0,0,0,2,0,0,0,0,34,0,1,0,4,0,0,0,0,0,0,0,0,0,0,0,0,0,0,0,0,0,0,0,3,12,0,0,0,1,0,0,0,0,0,0,5,0,0,0,1,0,0,0,4,0,1,5029,0,0,0,3,0,3,0,0,0,8,0,1,0,0,34,0,0,2,0,3,2,0,2,44,0,12,0,6,15,0,0,0,0,1,0,0,1,0,0,0,0,0,0,0,0,0,0,0,0,0,0,0,0,0,0,0,0,49,2,0,0,0,0,0,1,0,0,0,1,0,0,0,1,39,0,0,0,2,0,0,0,0,0,0,2,0,0,2,0,0,0,0,2,0,20,0,0,0,0,0,0,0,0,1,0,0,0,0,2,0,1,1,0,0,0,0,0,0,0,0,0,0,76,0,0,0,1,0,0,0,0,7,0,0,0,0,1,0,0,1,3,6,2,5,6,0,0,0,0,0,5,0,0,0,1,0,0,0,0,0,0,0,1,1,0,0,0,0,0,0,0,0,0,0
058007c8fb93286f6d1512783ae5622014d556133ffb8f9a4bb153d3952c9886,0,0,0,0,0,0,0,0,0,0,0,0,57,0,0,0,0,1,0,0,0,0,7,0,24,4,0,0,1,0,0,0,0,0,0,0,0,0,0,0,0,1,0,0,0,7,1,0,0,1,0,0,0,6,3,0,4,3,0,0,0,0,0,0,0,0,0,0,0,0,0,10,2,1,0,0,0,0,0,1,0,0,0,0,0,0,0,0,2,0,0,0,0,0,5,0,0,1,0,0,0,0,0,0,0,0,0,0,0,0,0,0,5,6,0,0,0,3,0,0,0,0,0,0,0,0,0,0,0,0,0,0,0,0,0,0,0,0,0,4,0,1,0,0,0,0,0,0,0,0,1622,0,0,0,0,0,9,0,1,0,0,1,0,1,0,0,0,0,0,0,0,0,0,0,0,0,0,0,0,0,0,0,0,0,0,0,0,0,0,0,0,0,0,19,1,0,0,0,0,0,0,0,0,0,0,0,0,0,0,0,0,0,0,0,0,0,0,0,0,0,1,0,0,0,0,0,1,3,0,0,0,0,0,0,0,0,0,0,0,1,0,0,0,0,2,0,12,0,0,0,0,0,0,0,0,2,0,0,2,0,0,0,0,0,0,0,0,0,0,0,0,0,1,0,0,2,1,455,0,790,2,0,0,0,0,0,27,0,0,0,1,0,0,0,0,0,0,0,1,3,0,0,0,0,0,0,0,0,0,0
05969e33208258aade10ca8806e90d687b4f8fdd13005a483f998adb8668caac,0,0,0,0,0,1,0,0,0,0,0,0,6,1,0,0,0,1,0,0,0,0,1,0,8,1,0,0,0,0,0,0,0,0,0,1,0,0,0,0,0,0,0,0,0,4,0,0,0,0,0,0,0,3,0,0,0,3,0,0,0,0,1,0,0,0,0,0,0,0,0,1,1,1,0,0,0,0,0,0,0,0,0,0,0,0,0,0,1,0,0,0,0,0,0,0,0,1,0,0,0,0,0,0,0,0,0,0,0,0,0,0,1,20,0,0,0,1,0,1,0,0,0,0,2,0,0,0,0,0,0,0,0,0,0,0,0,0,0,0,0,4,0,0,0,2,0,0,0,0,13,0,0,0,0,0,4,0,0,0,0,1,0,0,0,0,0,0,0,0,0,0,0,0,0,0,0,0,0,0,0,0,0,0,0,0,0,0,0,0,0,0,0,0,1,0,0,0,0,0,0,0,0,0,0,0,0,0,0,0,0,0,0,0,0,0,0,0,0,0,0,0,0,0,0,0,0,3,0,0,0,0,0,0,0,0,0,0,0,1,0,0,0,0,0,0,4,0,0,0,0,0,0,0,0,2,0,0,0,0,0,0,0,0,0,0,0,0,0,0,0,0,1,0,0,1,0,115,0,1,2,0,0,0,0,0,9,0,0,0,0,0,0,0,0,0,0,0,0,0,0,0,0,0,0,0,0,0,0,0
06456a200c10efe8df33dd71c8595a998ad3aa6092cad16cca20378c75ae2d94,0,0,0,0,0,0,0,0,0,0,0,0,28,0,0,0,0,1,0,0,0,0,6,0,1,0,0,0,0,0,0,0,0,0,0,0,0,0,0,0,0,0,0,0,0,4,0,0,0,0,0,0,0,3,0,0,0,3,0,0,0,0,0,0,0,0,0,0,0,0,0,1,0,1,0,0,0,0,0,1,0,0,0,0,0,0,0,0,3,0,0,0,0,0,0,0,0,0,0,0,0,0,0,0,0,0,0,0,0,0,0,0,1,2,0,0,0,0,0,0,0,0,0,0,2,0,0,0,0,0,0,0,0,0,0,0,0,0,0,0,0,1,0,0,0,0,0,0,0,0,14,0,0,0,0,0,7,0,1,0,0,1,0,0,0,0,0,0,0,0,0,0,0,0,0,0,0,0,0,0,0,0,0,0,0,0,0,0,0,0,0,0,0,0,0,0,0,0,0,0,0,0,0,0,0,0,0,0,0,0,0,0,0,0,0,0,0,0,0,0,1,0,0,0,0,0,0,1,0,0,0,0,0,0,0,0,0,0,0,1,0,0,0,0,2,0,5,0,0,0,0,0,0,0,0,0,0,0,0,0,0,0,0,0,0,0,0,0,0,0,0,0,0,0,0,1,0,4,0,0,3,0,0,0,0,0,2,0,0,0,1,0,0,0,0,0,0,0,1,2,0,0,0,0,0,0,0,0,0,0
064d67370c99dad9b0afd448dc57f32bf7493a466f990a943427f8e9104511b4,0,0,0,0,0,0,0,0,0,0,0,0,36,0,0,0,0,1,0,0,0,0,2,0,15,0,0,0,0,0,0,0,0,0,0,1,0,0,0,0,0,1,0,0,0,3,1,0,0,0,0,0,0,6,3,0,0,3,0,0,0,0,0,0,0,0,0,0,0,0,0,2,1,1,0,0,0,0,0,1,0,0,0,0,0,0,0,0,2,0,0,0,0,0,5,0,0,1,0,0,0,0,0,0,0,0,0,0,0,0,0,0,5,0,0,0,0,2,0,0,0,0,0,0,0,0,0,0,0,0,0,0,0,0,0,0,0,0,0,0,0,1,0,0,0,0,0,0,0,0,42,0,0,0,0,0,3,0,0,0,0,1,0,0,0,0,0,0,0,0,0,0,0,0,0,0,0,0,0,0,0,0,0,0,0,0,0,0,0,0,0,0,0,19,1,0,0,0,0,0,0,0,0,0,0,0,0,0,0,0,0,0,0,0,0,0,0,0,0,0,0,0,0,0,0,0,1,3,0,0,0,0,0,0,0,0,0,0,0,1,0,0,0,0,0,0,4,0,0,0,0,0,0,0,0,2,0,0,0,0,0,0,0,0,0,0,0,0,0,0,0,0,0,0,0,1,1,302,0,0,1,0,0,0,0,0,18,0,0,0,0,0,0,0,0,0,0,0,0,1,0,0,0,0,0,0,0,0,0,0
065281e3d30c765c7948ab31235e2e41d221f515fedfde91182a71f0fb1f0b22,0,0,0,0,0,0,0,0,0,0,0,0,2,0,0,0,0,0,0,0,0,0,1,0,2,0,0,0,0,0,0,0,0,0,0,0,0,0,0,0,0,0,0,0,0,1,0,0,0,1,0,0,0,0,0,0,0,0,0,0,0,0,0,0,0,0,0,0,0,0,0,9,0,0,0,0,0,0,0,0,0,0,0,0,0,0,0,0,0,0,0,0,0,0,0,0,0,0,0,0,0,0,0,0,0,0,0,0,0,0,0,0,0,4,0,0,0,0,0,0,1,0,0,0,0,0,0,1,0,0,0,0,0,0,0,0,0,0,0,0,0,1,0,0,0,0,0,0,0,0,0,0,0,0,0,0,2,0,0,0,0,0,0,0,0,0,0,0,0,0,0,0,0,0,0,0,0,0,0,0,0,0,0,0,0,0,0,0,0,0,0,0,0,0,0,0,0,0,0,0,0,0,0,0,0,0,0,0,0,0,0,0,0,0,0,0,0,0,0,0,0,0,0,0,0,0,0,0,0,0,0,0,0,0,0,0,0,0,0,1,0,0,0,0,0,0,4,0,0,0,0,0,0,0,0,0,0,0,0,0,0,0,0,0,0,0,0,0,0,0,0,0,0,0,0,0,0,0,0,0,1,0,0,0,0,0,7,0,0,0,0,0,0,0,0,0,0,0,0,0,0,0,0,0,0,0,0,0,0,0
069e633d04bc0a51bf91e4d2caab967e7a9a8875d71cdfc5695a808674bad3fe,0,0,0,0,0,0,0,0,0,0,0,0,10,0,0,0,0,1,0,0,0,0,3,0,16,0,0,0,0,0,0,0,0,0,0,1,0,0,0,0,0,1,0,0,0,4,1,0,0,0,0,0,0,1,1,0,0,3,0,0,0,0,0,0,0,0,0,0,0,0,0,2,1,0,0,0,0,0,0,1,0,0,0,0,0,0,0,0,2,0,0,0,0,0,4,0,0,1,0,0,0,0,0,0,0,0,0,0,0,0,0,0,4,1,0,0,0,1,0,0,0,0,0,0,0,0,0,0,0,0,0,0,0,0,0,0,0,0,0,0,0,1,0,0,0,0,0,0,0,0,14,0,0,0,0,0,4,0,0,0,0,1,0,0,0,0,0,0,0,0,0,0,0,0,0,0,0,0,0,0,0,0,0,0,0,0,0,0,0,0,0,0,0,0,0,0,0,0,0,0,0,0,0,0,0,0,0,0,0,0,0,0,0,0,0,0,0,0,0,0,0,0,0,0,0,0,1,0,0,0,0,0,0,0,0,0,0,0,0,1,0,0,0,0,2,0,5,0,0,0,0,0,0,0,0,0,0,0,0,0,0,0,0,0,0,0,0,0,0,0,0,0,0,0,0,0,1,234,0,2,2,0,0,0,0,0,14,0,0,0,1,0,0,0,0,0,0,0,0,1,0,0,0,0,0,0,0,0,0,0
06ed762c402bb94379487c45a585fcb38a60ee212c148b0cfb2316daa7bd0a18,0,0,0,0,0,0,0,0,0,0,0,0,5,0,0,0,0,0,0,0,0,0,3,0,6,2,0,0,0,0,0,0,0,0,0,0,0,0,0,0,0,0,0,0,0,1,0,0,0,5,0,0,0,0,0,0,0,0,0,0,0,0,0,0,0,0,0,0,0,0,0,1,0,0,0,0,0,0,0,0,0,0,0,0,0,0,0,0,0,0,0,0,0,0,0,0,0,0,0,0,0,0,0,0,0,0,0,0,0,0,0,0,1,1,0,0,0,0,0,0,0,0,0,0,0,0,0,0,0,0,0,0,0,0,0,0,0,0,0,3,0,0,0,0,0,0,0,0,0,0,4,0,0,0,0,0,2,0,0,0,0,0,0,0,0,0,0,0,0,0,0,0,0,0,0,0,0,0,0,0,0,0,0,0,0,0,0,0,0,0,0,1,0,0,0,0,0,0,0,0,0,0,0,0,0,0,0,0,1,0,0,0,0,0,0,0,0,0,0,0,0,0,0,0,0,0,0,1,0,0,0,0,0,0,0,0,0,0,0,0,0,0,0,0,2,0,0,0,0,0,0,0,0,0,0,0,0,0,0,0,0,0,0,0,0,0,0,0,0,0,0,0,0,0,0,0,0,163,0,1,1,0,0,0,0,0,0,0,0,0,1,0,0,0,0,0,0,0,0,0,0,0,0,0,0,0,0,0,0,0
071265b0e321fd971e258a656e7920891e98795ac2d48dfb3885e12f9cac80b8,0,0,0,0,0,0,0,0,0,0,0,0,0,0,0,0,0,0,0,0,0,0,0,0,1,0,0,0,0,0,0,0,0,0,0,0,0,0,0,0,0,0,0,0,0,0,0,0,0,0,0,0,0,0,0,0,0,0,0,0,0,0,0,0,0,0,0,0,0,0,0,0,0,0,0,0,0,0,0,0,0,0,0,0,0,0,0,0,0,0,0,0,0,0,0,0,0,0,0,0,0,0,0,0,0,0,0,0,0,0,0,0,0,2,0,0,0,0,0,0,0,0,0,0,0,0,0,0,0,0,0,0,0,0,0,0,0,0,0,0,0,0,0,0,0,0,0,0,0,0,0,0,0,0,0,0,0,0,0,0,0,0,0,0,0,0,0,0,0,0,0,0,0,0,0,0,0,0,0,0,0,0,0,0,0,0,0,0,0,0,0,0,0,0,0,0,0,0,0,0,0,0,0,0,0,0,0,0,0,0,0,0,0,0,0,0,0,0,0,0,0,0,0,0,0,0,0,1,0,0,0,0,0,0,0,0,0,0,0,0,0,0,0,0,0,0,0,0,0,0,0,0,0,0,0,0,0,0,0,0,0,0,0,0,0,0,0,0,0,0,0,0,0,0,0,0,0,4,0,0,0,0,0,0,0,0,2,0,0,0,0,0,0,0,0,0,0,0,0,0,0,0,0,0,0,0,0,0,0,0
08529d5614bc388e02e979ad72eec9c57eb8aee2bf4cb48623b045bf144b5a73,0,0,0,0,0,0,0,0,0,0,0,0,11,0,0,0,0,1,0,0,0,0,4,0,17,0,0,0,0,0,0,0,0,0,0,1,0,0,0,0,0,1,0,0,0,4,1,0,0,0,0,0,0,2,3,0,0,3,0,0,0,0,0,0,0,0,0,0,0,0,0,2,1,1,0,0,0,0,0,1,0,0,0,0,0,0,0,0,2,0,0,0,0,0,5,0,0,1,0,0,0,0,0,0,0,0,0,0,0,0,0,0,3,0,0,0,0,1,0,0,0,0,0,0,0,0,0,0,0,0,0,0,0,0,0,0,0,0,0,0,0,1,0,0,0,0,0,0,0,0,39,0,0,0,0,0,4,0,0,0,0,1,0,0,0,0,0,0,0,0,0,0,0,0,0,0,0,0,0,0,0,0,0,0,0,0,0,0,0,0,0,0,0,19,1,0,0,0,0,0,0,0,0,0,0,0,0,0,0,0,0,0,0,0,0,0,0,0,0,0,0,0,0,0,0,0,1,3,0,0,0,0,0,0,0,0,0,0,0,1,0,0,0,0,2,0,3,0,0,0,0,0,0,0,0,2,0,0,0,0,0,0,0,0,0,0,0,0,0,0,0,0,0,0,0,1,1,275,0,0,2,0,0,0,0,0,12,0,0,0,1,0,0,0,0,0,0,0,0,0,0,0,0,0,0,0,0,0,0,0
09449980c36da447afce34664e0977684826a5a79c9a328e14cb019b8fbfd259,0,0,0,0,0,0,0,0,0,0,0,0,2,0,0,0,0,0,0,0,0,0,1,0,2,0,0,0,0,0,0,0,0,0,0,0,0,0,0,0,0,0,0,0,0,1,0,0,0,1,0,0,0,0,0,0,0,0,0,0,0,0,0,0,0,0,0,0,0,0,0,9,0,0,0,0,0,0,0,0,0,0,0,0,0,0,0,0,0,0,0,0,0,0,0,0,0,0,0,0,0,0,0,0,0,0,0,0,0,0,0,0,0,4,0,0,0,0,0,0,1,0,0,0,0,0,0,1,0,0,0,0,0,0,0,0,0,0,0,0,0,1,0,0,0,0,0,0,0,0,0,0,0,0,0,0,2,0,0,0,0,0,0,0,0,0,0,0,0,0,0,0,0,0,0,0,0,0,0,0,0,0,0,0,0,0,0,0,0,0,0,0,0,0,0,0,0,0,0,0,0,0,0,0,0,0,0,0,0,0,0,0,0,0,0,0,0,0,0,0,0,0,0,0,0,0,0,0,0,0,0,0,0,0,0,0,0,0,0,1,0,0,0,0,0,0,4,0,0,0,0,0,0,0,0,0,0,0,0,0,0,0,0,0,0,0,0,0,0,0,0,0,0,0,0,0,0,0,0,0,1,0,0,0,0,0,7,0,0,0,0,0,0,0,0,0,0,0,0,0,0,0,0,0,0,0,0,0,0,0
094aad85347702fc850b1269ec5049f60f68b114683553bb6c5c407fcedc197b,0,0,0,0,0,0,0,0,0,0,0,0,17,0,0,0,0,0,0,0,0,0,5,0,16,0,0,0,0,0,0,0,0,0,0,0,0,0,0,0,0,0,0,0,0,6,0,0,0,0,0,0,0,1,0,0,1,3,0,0,0,0,0,0,0,0,0,0,0,0,0,2,0,0,0,0,0,0,0,0,0,0,0,0,0,0,0,0,1,0,0,0,0,0,0,0,0,1,0,0,0,0,0,0,0,0,0,0,0,0,0,0,2,0,0,0,0,0,0,0,0,0,0,0,0,0,0,0,0,0,0,0,0,0,0,0,0,0,0,0,0,0,0,0,0,0,0,0,0,0,44262,0,0,0,0,0,8,0,2,0,0,1,0,0,0,0,0,0,0,0,0,0,0,0,0,0,0,0,0,0,0,0,0,0,0,0,0,0,0,0,0,0,0,0,0,0,0,0,0,0,0,0,0,0,0,0,0,0,0,0,0,0,0,0,0,0,0,0,0,0,2,0,0,0,0,0,0,0,0,0,0,0,0,0,0,0,0,0,0,0,0,0,0,0,2,0,4,0,0,0,0,0,0,0,0,1,0,0,0,0,0,0,0,0,0,0,0,0,0,0,0,0,1,0,0,0,0,337,0,496,2,0,0,0,0,0,17,0,0,0,1,0,0,0,0,0,0,0,1,1,0,0,0,0,0,0,0,0,0,0
0a21ef18ba03622736a8edd5390afbab6088dcacc3d5877eb0b28206285f569d,0,0,0,0,0,0,0,0,0,0,0,0,29,0,0,0,0,1,0,0,0,0,2,0,14,0,0,0,0,0,0,0,0,0,0,0,0,0,0,0,0,0,0,0,0,4,0,0,0,0,0,0,0,7,1,0,0,0,0,0,0,0,0,0,0,0,0,0,3,0,0,1,1,1,0,0,0,0,0,1,0,0,0,0,0,0,0,0,3,0,0,0,0,0,4,0,1,1,0,0,0,0,0,0,0,0,0,0,0,0,0,0,4,0,0,0,0,0,0,0,3,0,0,0,1,0,0,1,0,0,0,0,0,0,0,0,0,0,0,0,0,1,0,0,0,1,0,0,0,0,3,0,0,0,0,0,5,0,0,0,0,2,0,0,0,0,0,0,0,0,0,0,0,0,0,0,0,0,0,0,0,0,0,0,0,0,0,0,0,0,0,0,0,0,0,0,0,0,0,0,0,0,0,0,0,0,0,0,0,0,0,0,0,0,0,0,0,0,0,0,0,0,0,0,0,0,1,3,0,0,0,0,0,0,0,0,0,0,0,0,0,0,0,0,0,0,1,0,0,0,0,0,0,0,0,2,0,0,0,0,0,0,0,0,0,0,0,0,0,0,0,0,0,0,0,0,0,161,0,0,3,0,0,0,0,0,5,0,0,0,0,0,0,0,0,0,0,0,0,0,0,0,0,0,0,0,0,0,0,0
0a56a947d9c0be507b6aa0e2b569ca7eed39e5e802c8cf78be71adda9d324eae,0,0,0,0,0,0,0,0,0,0,0,0,40,0,0,0,0,1,0,0,0,0,5,0,18,0,0,0,0,0,0,0,0,0,0,1,0,0,0,0,0,1,0,0,0,4,1,0,0,0,0,0,0,6,3,0,0,3,0,0,0,0,0,0,0,0,0,0,0,0,0,2,1,1,0,0,0,0,0,1,0,0,0,0,0,0,0,0,2,0,0,0,0,0,5,0,0,1,0,0,0,0,0,0,0,0,0,0,0,0,0,0,4,0,0,0,0,2,0,0,0,0,0,0,0,0,0,0,0,0,0,0,0,0,0,0,0,0,0,0,0,1,0,0,0,0,0,0,0,0,41,0,0,0,0,0,5,0,0,0,0,1,0,0,0,0,0,0,0,0,0,0,0,0,0,0,0,0,0,0,0,0,0,0,0,0,0,0,0,0,0,0,0,19,1,0,0,0,0,0,0,0,0,0,0,0,0,0,0,0,0,0,0,0,0,0,0,0,0,0,0,0,0,0,0,0,1,3,0,0,0,0,0,0,0,0,0,0,0,1,0,0,0,0,2,0,3,0,0,0,0,0,0,0,0,2,0,0,0,0,0,0,0,0,0,0,0,0,0,0,0,0,0,0,0,1,1,288,0,2,2,0,0,0,0,0,14,0,0,0,1,0,0,0,0,0,0,0,0,0,0,0,0,0,0,0,0,0,0,0
0ae9a90db211e8b09baee9d26a97f943e6098f4f33336069895442f175111dba,0,0,0,0,0,0,0,0,0,0,0,0,2,0,0,0,0,0,0,0,0,0,1,0,2,0,0,0,0,0,0,0,0,0,0,0,0,0,0,0,0,0,0,0,0,1,0,0,0,1,0,0,0,0,0,0,0,0,0,0,0,0,0,0,0,0,0,0,0,0,0,9,0,0,0,0,0,0,0,0,0,0,0,0,0,0,0,0,0,0,0,0,0,0,0,0,0,0,0,0,0,0,0,0,0,0,0,0,0,0,0,0,0,4,0,0,0,0,0,0,1,0,0,0,0,0,0,1,0,0,0,0,0,0,0,0,0,0,0,0,0,1,0,0,0,0,0,0,0,0,0,0,0,0,0,0,2,0,0,0,0,0,0,0,0,0,0,0,0,0,0,0,0,0,0,0,0,0,0,0,0,0,0,0,0,0,0,0,0,0,0,0,0,0,0,0,0,0,0,0,0,0,0,0,0,0,0,0,0,0,0,0,0,0,0,0,0,0,0,0,0,0,0,0,0,0,0,0,0,0,0,0,0,0,0,0,0,0,0,1,0,0,0,0,0,0,4,0,0,0,0,0,0,0,0,0,0,0,0,0,0,0,0,0,0,0,0,0,0,0,0,0,0,0,0,0,0,0,0,0,1,0,0,0,0,0,7,0,0,0,0,0,0,0,0,0,0,0,0,0,0,0,0,0,0,0,0,0,0,0
0b0ab12cdf751f7fbe2efae9ecb771d980509aef824930de0a60f1c408dabd2c,0,0,0,0,0,0,0,0,0,0,0,0,11,0,0,0,0,1,0,0,0,0,4,0,15,0,0,0,0,0,0,0,0,0,0,1,0,0,0,0,0,1,0,0,0,4,1,0,0,0,0,0,0,2,3,0,0,3,0,0,0,0,0,0,0,0,0,0,0,0,0,2,1,1,0,0,0,0,0,1,0,0,0,0,0,0,0,0,2,0,0,0,0,0,5,0,0,1,0,0,0,0,0,0,0,0,0,0,0,0,0,0,3,0,0,0,0,1,0,0,0,0,0,0,0,0,0,0,0,0,0,0,0,0,0,0,0,0,0,0,0,1,0,0,0,0,0,0,0,0,41,0,0,0,0,0,4,0,0,0,0,1,0,0,0,0,0,0,0,0,0,0,0,0,0,0,0,0,0,0,0,0,0,0,0,0,0,0,0,0,0,0,0,19,1,0,0,0,0,0,0,0,0,0,0,0,0,0,0,0,0,0,0,0,0,0,0,0,0,0,0,0,0,0,0,0,1,3,0,0,0,0,0,0,0,0,0,0,0,1,0,0,0,0,2,0,9,0,0,0,0,0,0,0,0,2,0,0,0,0,0,0,0,0,0,0,0,0,0,0,0,0,0,0,0,1,1,300,0,145,2,0,0,0,0,0,21,0,0,0,1,0,0,0,0,0,0,0,0,1,0,0,0,0,0,0,0,0,0,0
0b9bcd45ae44d8d53d199e7cc137a449da27f9062815fc785df402d09e72a614,0,0,0,0,0,0,0,0,0,0,0,0,40,0,0,0,0,1,0,0,0,0,3,0,16,1,0,0,0,0,0,0,0,0,0,1,0,0,0,0,0,1,1,0,0,4,1,0,0,0,0,0,0,7,3,0,0,3,0,0,0,0,0,0,0,0,0,0,1,0,0,9,1,2,0,0,0,0,2,1,0,0,0,0,0,0,0,0,2,0,0,0,0,0,5,0,0,1,0,0,0,0,0,0,0,0,0,0,0,0,0,0,4,369,0,0,0,2,0,0,1,0,0,0,0,0,0,0,0,0,0,0,1,0,0,0,0,0,0,1,0,2,0,0,0,1,0,0,0,0,45,0,0,0,0,0,5,0,0,0,0,1,0,0,0,0,0,0,0,1,0,0,0,0,0,0,0,0,0,0,0,0,0,0,0,0,0,0,0,0,0,0,0,19,2,0,0,0,0,0,0,0,0,0,1,0,0,0,3,0,0,0,0,0,0,0,0,0,0,0,0,0,0,0,0,0,1,3,0,0,0,0,0,0,0,0,0,0,0,1,0,0,0,0,0,0,5,0,0,0,0,0,0,0,0,2,0,0,0,0,0,0,0,0,0,0,0,0,0,0,0,0,0,0,0,1,1,172,0,0,3,0,0,0,0,0,18,0,0,0,684,0,0,0,0,0,0,0,0,4,0,0,0,0,0,0,0,0,0,0
0ba98187e04d060d65a9b31028e08efa3a69f14352036ebdbc885003062f737a,0,0,0,0,0,0,0,0,0,0,0,0,35,0,0,0,0,1,0,0,0,0,5,0,28,0,0,0,0,0,0,0,0,0,0,0,0,0,0,0,0,0,0,0,0,10,0,0,0,0,0,0,0,7,1,0,0,0,0,0,0,0,0,0,0,0,0,0,3,0,0,2,1,5,0,0,0,0,0,1,0,0,0,0,0,0,0,0,5,0,0,0,0,0,4,0,1,1,0,0,0,0,0,0,0,0,0,0,0,0,0,0,5,2,0,0,0,0,0,0,3,0,0,0,1,0,0,1,0,0,0,0,0,0,0,0,0,0,0,0,0,1,0,0,0,1,0,0,0,0,9,0,0,0,0,0,9,0,0,0,0,2,0,0,0,0,0,0,0,0,0,0,0,0,0,0,0,0,0,0,0,0,0,0,0,0,0,0,0,0,0,0,0,0,0,0,0,0,0,0,0,0,0,0,0,0,0,0,1,0,0,0,0,0,0,0,0,0,0,0,0,0,0,0,0,0,1,3,0,0,0,0,0,0,0,0,0,0,0,0,0,0,0,0,3,0,3,0,0,0,0,0,0,0,0,2,0,0,0,0,0,0,0,0,0,0,0,0,0,0,0,0,1,0,0,0,0,334,0,1,4,0,0,0,0,0,9,0,0,0,1,0,0,0,0,0,0,0,0,0,0,0,0,0,0,0,0,0,0,0
0c19f5cc9fecb5abbb25c213cc884d11bbdd540b859d8b3b46accb2f34cc145d,0,0,0,0,0,0,0,0,0,0,0,0,46,0,0,0,0,1,0,0,0,0,4,0,135,0,0,0,1,0,0,0,0,0,0,1,0,0,0,0,31,0,0,0,0,4,0,0,0,0,0,0,0,7,1,0,0,0,0,0,0,0,0,0,0,0,0,0,3,0,0,83,1,1,0,0,0,0,0,1,0,0,0,0,0,0,0,0,7,0,0,0,0,0,4,0,1,1,0,0,0,0,0,0,0,0,0,0,0,0,0,0,4,24,0,0,0,0,0,0,3,0,0,0,1,0,0,1,0,0,0,0,0,0,0,0,0,0,0,0,0,1,0,0,0,1,0,0,0,0,23,0,0,0,0,0,7,0,0,11,0,2,0,1,0,0,0,0,0,0,0,0,0,0,0,0,0,0,0,0,0,0,0,0,0,0,0,0,0,0,0,0,0,2,0,0,0,1,0,0,0,0,0,0,0,0,0,0,1,0,0,0,0,0,0,0,0,0,0,0,0,0,0,0,0,0,1,3,0,0,0,0,0,0,0,0,0,0,0,0,0,0,0,0,0,0,41,0,0,0,0,0,0,0,0,2,0,0,0,0,0,0,0,0,0,0,0,0,0,0,0,0,0,0,0,0,1,456,0,0,3,0,0,0,0,0,71,0,0,0,0,0,0,0,0,0,0,0,0,0,0,0,0,0,0,0,0,0,0,0
0c35e7e375ae87e74da6d5a737e88ab2298500bdbe2ad92481250e8fe12989b1,0,0,0,0,0,0,0,0,0,0,0,0,11,0,0,0,0,0,0,0,0,0,5,0,6,0,0,0,0,0,0,0,0,0,0,0,0,0,0,0,0,0,0,0,0,2,0,0,0,0,0,0,0,0,0,0,0,0,0,0,0,0,0,0,0,0,0,0,0,0,0,0,0,1,0,0,0,0,0,0,0,0,0,0,0,0,0,0,0,0,0,0,0,0,0,0,0,0,0,0,0,0,0,0,0,0,0,0,0,0,0,0,0,1,0,0,0,0,0,0,0,0,0,0,0,0,0,0,0,0,0,0,0,0,0,0,0,0,0,0,0,1,0,0,0,0,0,0,0,0,10,0,0,0,0,0,5,0,0,0,0,0,0,0,0,0,0,0,0,0,0,0,0,0,0,0,0,0,0,0,0,0,0,0,0,0,0,0,0,0,0,0,0,0,0,0,0,0,0,0,0,0,0,0,0,0,0,0,0,0,0,0,0,0,0,1,0,0,0,0,0,0,0,0,0,0,0,3,0,0,0,0,0,0,0,0,0,0,0,0,0,0,0,0,2,0,0,0,0,0,0,0,0,0,0,0,0,0,0,0,0,0,0,0,0,0,0,0,0,0,0,0,0,0,0,0,0,8,0,1,2,0,0,0,0,0,0,0,0,0,1,0,0,0,0,0,0,0,0,0,0,0,0,0,0,0,0,0,0,0
0c3f6774c3a71d2b0395711235118dda57c04fb5f705dae0eaad00db19aa4a7a,0,0,1,0,0,1,0,1,0,0,0,0,202,0,0,0,0,2,0,0,0,0,0,0,17,2,0,0,0,0,0,0,0,0,0,1,0,0,0,1,0,0,0,0,0,0,0,0,0,56,0,0,0,26,0,0,2,0,0,0,0,0,0,0,0,0,0,0,0,0,0,2,0,0,0,0,0,0,4,0,0,0,0,0,0,0,0,0,24,0,0,0,0,0,9,0,0,0,0,0,0,0,0,0,0,0,0,0,0,0,0,0,1,1,0,0,0,211,0,1,0,0,0,0,14,0,0,0,0,0,0,0,0,0,0,0,0,0,0,0,0,1,0,0,0,0,0,0,0,4,6,0,0,0,0,0,0,0,0,0,0,4,0,1,0,0,0,0,0,0,0,0,8,0,0,0,0,0,0,0,0,0,0,0,0,0,0,0,0,0,0,0,0,0,0,0,0,0,0,0,0,0,0,0,2,0,0,0,0,11690,0,0,0,0,0,0,0,0,0,0,0,0,0,0,0,0,0,1,0,0,0,0,0,0,0,0,0,0,0,1,0,0,0,0,0,0,5,0,0,0,0,0,0,0,0,0,0,0,0,0,0,0,0,0,0,0,0,0,5,0,0,0,0,0,0,0,0,194,0,0,3,0,0,0,0,0,9,0,0,0,10,0,0,0,0,0,0,0,0,0,0,0,0,0,0,0,0,0,0,0
0c97d985351bc1ce268548ff906bc2288f0f46c783128625a7cc96eb4ff2eee1,0,0,0,0,0,0,0,0,0,0,0,0,3,0,0,0,0,0,0,0,0,0,0,0,3,3,0,0,0,0,0,0,0,0,0,0,0,0,0,0,0,0,0,0,0,0,0,0,0,0,0,0,0,0,0,0,3,0,0,0,0,0,0,0,0,0,0,0,0,0,0,6,0,0,0,0,0,0,0,0,0,0,0,0,0,0,0,0,0,0,0,0,0,0,0,0,0,0,0,0,0,0,0,0,0,0,0,0,0,0,0,0,0,6801,0,0,0,0,0,0,0,0,0,0,0,0,0,0,0,0,0,0,0,0,0,0,0,0,0,0,0,0,0,0,0,0,0,0,0,0,0,0,0,0,0,0,0,0,0,0,0,0,0,0,0,0,0,0,0,0,0,0,0,0,0,0,0,0,0,0,0,0,0,0,0,0,0,0,0,0,0,0,0,0,0,0,0,0,0,0,0,0,0,0,0,0,0,0,0,0,0,0,0,0,0,0,0,0,0,0,0,0,0,0,0,0,0,0,0,0,0,0,0,0,0,0,0,0,0,1,0,0,0,0,0,0,0,0,0,0,0,0,0,0,0,0,0,0,0,0,0,0,0,0,0,0,0,0,0,0,0,0,0,0,0,0,0,0,0,0,0,0,0,0,0,0,9,0,0,0,0,0,0,0,0,0,0,0,0,0,0,0,0,0,0,0,0,0,0,0
0cef14726ec5339f2b83cb6640f8a2386e4a97be68bc5699673c1095df142b77,0,0,0,0,0,0,0,0,0,0,0,0,10,0,0,0,0,1,0,0,0,0,4,0,15,2,0,0,2,0,0,0,0,2,0,1,0,0,0,0,31,1,0,0,0,4,1,0,0,0,0,1,0,2,3,0,2,3,0,0,0,0,0,0,0,0,0,0,0,0,0,87,1,2,0,0,0,0,3,1,0,0,1,0,0,0,0,0,2,0,0,0,0,0,5,0,0,1,0,0,0,0,1,0,0,0,0,0,1,0,0,0,3,1,0,0,0,1,0,0,0,0,0,0,1,0,0,0,0,0,0,0,1,0,0,0,0,0,0,0,0,1,1,0,0,0,0,0,0,0,39,0,0,0,0,0,4,0,1,11,0,1,0,0,0,0,0,0,0,0,0,0,0,0,0,0,0,0,0,0,0,0,0,0,0,0,0,0,0,0,0,0,0,19,1,0,0,2,0,0,0,0,0,0,0,0,0,0,1,5,0,0,0,0,0,0,0,0,0,0,1,0,0,1,1,0,1,1,4,0,0,0,0,0,0,0,0,0,0,1,0,0,0,0,2,0,3,0,0,0,0,0,0,0,0,1,0,0,0,0,0,0,0,0,0,0,0,0,0,0,0,0,0,0,0,1,2,157,0,0,2,0,0,0,0,0,13,0,0,0,1,0,0,0,0,0,0,0,0,1,0,0,0,0,0,0,0,0,0,0
0d4f1dc6cf91233caf8338cc83014344db378f698b63216bb11d59b557e5314c,0,0,0,0,0,0,0,0,0,0,0,0,7,0,0,0,0,1,0,0,0,0,1,0,13,0,0,0,0,0,0,0,0,0,0,1,0,0,0,0,0,1,0,0,0,3,1,0,0,0,0,0,0,2,3,0,0,3,0,0,0,0,0,0,0,0,0,0,0,0,0,2,1,1,0,0,0,0,0,1,0,0,0,0,0,0,0,0,2,0,0,0,0,0,5,0,0,1,0,0,0,0,0,0,0,0,0,0,0,0,0,0,3,2,0,0,0,1,0,0,0,0,0,0,0,0,0,0,0,0,0,0,0,0,0,0,0,0,0,0,0,1,0,0,0,0,0,0,0,0,38,0,0,0,0,0,2,0,0,0,0,1,0,0,0,0,0,0,0,0,0,0,0,0,0,0,0,0,0,0,0,0,0,0,0,0,0,0,0,0,0,0,0,19,1,0,0,0,0,0,0,0,0,0,0,0,0,0,0,0,0,0,0,0,0,0,0,0,0,0,0,0,0,0,0,0,1,3,0,0,0,0,0,0,0,0,0,0,0,1,0,0,0,0,0,0,3,0,0,0,0,0,0,0,0,2,0,0,0,0,0,0,0,0,0,0,0,0,0,0,0,0,0,0,0,1,1,249,0,2,1,0,0,0,0,0,13,0,0,0,0,0,0,0,0,0,0,0,0,0,0,0,0,0,0,0,0,0,0,0
0eb006f0e4b6391906e7951a620f7ab15db3123a52e11ce80bc0d7d615b2e19f,0,0,0,0,0,0,0,0,0,0,0,0,6,0,0,0,0,0,0,0,0,0,1,0,14,0,0,0,0,0,0,0,0,0,0,0,0,0,0,0,0,0,0,0,0,3,0,0,0,0,0,0,0,2,3,0,0,3,0,0,0,0,0,0,0,0,0,0,0,0,0,0,1,0,0,0,0,0,0,0,0,0,0,0,0,0,0,0,2,0,0,0,0,0,5,0,0,1,0,0,0,0,0,0,0,0,0,0,0,0,0,0,4,0,0,0,0,1,0,0,0,0,0,0,0,0,0,0,0,0,0,0,0,0,0,0,0,0,0,0,0,0,0,0,0,0,0,0,0,0,56888,0,0,0,0,0,2,0,0,0,0,1,0,0,0,0,0,0,0,0,0,0,0,0,0,0,0,0,0,0,0,0,0,0,0,0,0,0,0,0,0,0,0,19,0,0,0,0,0,0,0,0,0,0,0,0,0,0,0,0,0,0,0,0,0,0,0,0,0,0,0,0,0,0,0,0,0,0,0,0,0,0,0,0,0,0,0,0,0,0,0,0,0,0,0,0,5,0,0,0,0,0,0,0,0,0,0,0,0,0,0,0,0,0,0,0,0,0,0,0,0,0,0,0,0,0,0,283,0,470,1,0,0,0,0,0,20,0,0,0,0,0,0,0,0,0,0,0,0,1,0,0,0,0,0,0,0,0,0,0
0ee8227cdff412efb5cef72b29bbdca5466edf10dcdee6804f02da198167b830,0,0,0,0,0,0,0,0,0,0,0,0,18,0,0,0,0,1,0,0,0,0,3,0,203,2,0,0,1,0,0,0,0,0,0,3,0,0,0,0,31,1,0,0,0,0,1,0,0,0,0,0,0,22,1,0,0,4,0,0,0,0,0,0,0,0,0,0,1,0,0,83,2,1,0,0,0,0,3,1,1,0,0,0,0,0,0,0,17,0,0,0,0,0,5,0,0,2,0,0,0,0,0,0,0,0,0,0,0,0,0,0,3,24,0,0,0,1,0,0,1,0,5,0,19,0,0,0,0,0,0,0,0,0,0,0,0,0,0,0,0,1,0,0,0,10,1,0,0,0,24,0,0,0,0,0,2,0,0,11,0,26,0,1,0,0,0,0,0,0,0,0,0,0,0,0,0,0,0,0,0,0,0,0,0,0,0,0,0,0,0,0,0,2,1,0,0,1,0,0,0,0,0,0,1,0,0,0,0,5,0,0,0,0,0,0,0,0,0,0,0,0,0,0,0,0,1,3,0,0,0,0,0,0,0,0,0,0,0,1,0,0,0,0,0,0,28,0,0,0,0,0,0,0,0,2,0,0,0,0,0,0,0,0,0,0,0,0,1,0,0,0,0,0,0,1,1,569,0,0,0,0,0,0,0,0,151,1,0,0,0,0,0,0,0,0,0,0,0,1,0,0,0,0,0,0,0,0,0,0
0f68f8a6d4c63fbe387b2e65a7bf8f217b4f2e27d5b6eeae8d509c4a68f7c4df,0,0,0,0,0,0,0,0,0,0,0,0,5,0,0,0,0,1,0,0,0,0,1,0,23,0,0,0,0,0,0,0,0,0,0,0,0,0,0,0,0,0,0,0,0,4,0,0,0,0,0,0,0,3,1,0,0,0,0,0,0,0,0,0,0,0,0,0,3,0,0,2,1,0,0,0,0,0,0,1,0,0,0,0,0,0,0,0,5,0,0,0,0,0,4,0,1,1,0,0,0,0,0,0,0,0,0,0,0,0,0,0,4,1,0,0,0,0,0,0,3,0,0,0,1,0,0,1,0,0,0,0,0,0,0,0,0,0,0,0,0,1,0,0,0,1,0,0,0,0,4,0,0,0,0,0,4,0,0,0,0,2,0,0,0,0,0,0,0,0,0,0,0,0,0,0,0,0,0,0,0,0,0,0,0,0,0,0,0,0,0,0,0,0,0,0,0,0,0,0,0,0,0,0,0,0,0,0,1,0,0,0,0,0,0,0,0,0,0,0,0,0,0,0,0,0,1,0,0,0,0,0,0,0,0,0,0,0,0,0,0,0,0,0,0,0,1,0,0,0,0,0,0,0,0,0,0,0,0,0,0,0,0,0,0,0,0,0,0,0,0,0,0,0,0,0,0,303,0,0,3,0,0,0,0,0,5,0,0,0,0,0,0,0,0,0,0,0,0,0,0,0,0,0,0,0,0,0,0,0
0f8dfa22f8d4849884e634ff570e4d61c0e3446aeb606c9a8ac83f5531fb0926,0,0,0,0,0,0,0,0,0,0,0,0,17,0,0,0,0,0,0,0,0,0,6,0,30,1,0,0,0,0,0,0,0,0,0,0,0,0,0,0,39,0,0,0,0,8,0,0,0,0,0,0,0,4,1,0,0,3,0,0,0,0,0,0,0,0,0,0,0,0,0,5,1,0,0,0,0,0,0,0,0,0,0,0,0,0,0,0,4,0,0,0,0,0,4,0,0,1,0,0,0,0,0,0,0,0,0,0,0,0,0,0,5,5,0,0,0,0,0,0,0,0,0,0,1,0,0,0,0,0,0,0,0,0,0,0,0,0,0,0,0,1,0,0,0,1,0,0,0,0,51557,0,0,0,0,0,10,0,1,0,0,2,0,0,0,0,0,0,0,0,0,0,0,0,0,0,0,0,0,0,0,0,0,0,0,0,0,0,0,0,0,0,0,0,0,0,0,0,0,0,0,0,0,0,0,0,0,0,0,0,0,0,0,0,0,0,0,0,0,0,1,0,0,0,0,0,0,0,0,0,0,0,0,0,0,0,0,0,0,0,0,0,0,0,2,0,19,0,0,0,0,0,0,0,0,0,0,0,0,0,0,0,0,0,0,0,0,0,0,0,0,0,1,0,0,0,0,469,0,534,3,0,0,0,0,0,39,0,0,0,1,0,0,0,0,0,0,0,1,1,0,0,0,0,0,0,0,0,0,0
